ID,chr,start,end,nmark,log2r,width,state
Sample.1,chr1,10000,70000,4,-0.8108,60000,loss
Sample.1,chr1,90000,230000,8,-5.9794,140000,loss
Sample.1,chr1,250000,330000,5,-2.1942,80000,loss
Sample.1,chr1,350000,530000,10,-6.4793,180000,loss
Sample.1,chr1,550000,1210000,34,-2.5046,660000,loss
Sample.1,chr1,1230000,1910000,35,0.7391,680000,gain
Sample.1,chr1,1930000,2510000,30,-1.2475,580000,loss
Sample.1,chr1,2530000,2650000,7,-5.0395,120000,loss
Sample.1,chr1,2670000,2850000,10,0.0445,180000,neutral
Sample.1,chr1,2870000,2910000,3,1.3983,40000,gain
Sample.1,chr1,2930000,3290000,19,0.0784,360000,neutral
Sample.1,chr1,3310000,3790000,25,-4.8816,480000,loss
Sample.1,chr1,3810000,3870000,4,-0.7798,60000,loss
Sample.1,chr1,3890000,5210000,67,-0.1512,1320000,neutral
Sample.1,chr1,5230000,5250000,2,-0.7735,20000,loss
Sample.1,chr1,5270000,14770000,476,0.013,9500000,neutral
Sample.1,chr1,14790000,14890000,6,-0.7284,1e+05,loss
Sample.1,chr1,14910000,18690000,190,-0.0614,3780000,neutral
Sample.1,chr1,18710000,18770000,4,-1.053,60000,loss
Sample.1,chr1,18790000,22470000,185,0.0105,3680000,neutral
Sample.1,chr1,22490000,22530000,3,-1.0857,40000,loss
Sample.1,chr1,22550000,23770000,62,0.015,1220000,neutral
Sample.1,chr1,23790000,23890000,6,-0.6295,1e+05,loss
Sample.1,chr1,23910000,30190000,315,0.0136,6280000,neutral
Sample.1,chr1,30210000,30250000,3,0.971,40000,gain
Sample.1,chr1,30270000,41930000,584,-0.0346,11660000,neutral
Sample.1,chr1,41950000,42050000,6,-0.7854,1e+05,loss
Sample.1,chr1,42070000,50130000,404,-0.1087,8060000,neutral
Sample.1,chr1,50150000,50330000,10,-0.9309,180000,loss
Sample.1,chr1,50350000,52950000,131,-0.1181,2600000,neutral
Sample.1,chr1,52970000,53010000,3,-1.5924,40000,loss
Sample.1,chr1,53030000,56410000,170,-0.3328,3380000,neutral
Sample.1,chr1,56430000,56490000,4,0.9584,60000,gain
Sample.1,chr1,56510000,59830000,167,-0.1485,3320000,neutral
Sample.1,chr1,59850000,60690000,43,0.8399,840000,gain
Sample.1,chr1,60710000,68970000,414,-0.1346,8260000,neutral
Sample.1,chr1,68990000,69030000,3,-0.9432,40000,loss
Sample.1,chr1,69050000,70470000,72,-0.0059,1420000,neutral
Sample.1,chr1,70490000,70550000,4,0.9459,60000,gain
Sample.1,chr1,70570000,74670000,206,0.1058,4100000,neutral
Sample.1,chr1,74690000,74970000,15,-0.8007,280000,loss
Sample.1,chr1,74990000,75250000,14,-0.1528,260000,neutral
Sample.1,chr1,75270000,75310000,3,-5.5659,40000,loss
Sample.1,chr1,75330000,75450000,7,0.5351,120000,gain
Sample.1,chr1,75470000,77750000,115,-0.0844,2280000,neutral
Sample.1,chr1,77770000,77990000,12,-0.6782,220000,loss
Sample.1,chr1,78010000,84210000,311,-0.0056,6200000,neutral
Sample.1,chr1,84230000,84890000,34,0.9011,660000,gain
Sample.1,chr1,84910000,85690000,40,0.2077,780000,neutral
Sample.1,chr1,85710000,86930000,62,-0.3919,1220000,neutral
Sample.1,chr1,86950000,87430000,25,0.1629,480000,neutral
Sample.1,chr1,87450000,90550000,156,-0.4673,3100000,loss
Sample.1,chr1,90570000,91450000,45,0.0917,880000,neutral
Sample.1,chr1,91470000,92090000,32,-0.4951,620000,loss
Sample.1,chr1,92110000,92630000,27,0.1087,520000,neutral
Sample.1,chr1,92650000,97250000,231,-0.3971,4600000,neutral
Sample.1,chr1,97270000,97870000,31,0.2836,6e+05,neutral
Sample.1,chr1,97890000,109270000,570,-0.2994,11380000,neutral
Sample.1,chr1,109290000,109510000,12,-1.0557,220000,loss
Sample.1,chr1,109530000,119470000,498,-0.029,9940000,neutral
Sample.1,chr1,119490000,119530000,3,-5.5468,40000,loss
Sample.1,chr1,119550000,124210000,234,0.0388,4660000,neutral
Sample.1,chr1,124230000,124470000,13,-3.1139,240000,loss
Sample.1,chr1,124490000,127310000,142,-0.0901,2820000,neutral
Sample.1,chr1,127330000,127530000,11,-0.8055,2e+05,loss
Sample.1,chr1,127550000,128150000,31,-0.1241,6e+05,neutral
Sample.1,chr1,128170000,128230000,4,-1.2901,60000,loss
Sample.1,chr1,128250000,130170000,97,-0.1049,1920000,neutral
Sample.1,chr1,130190000,130230000,3,-1.3527,40000,loss
Sample.1,chr1,130250000,130970000,37,-0.085,720000,neutral
Sample.1,chr1,130990000,131130000,8,-1.0155,140000,loss
Sample.1,chr1,131150000,138810000,384,-0.0257,7660000,neutral
Sample.1,chr1,138830000,138890000,4,-0.9412,60000,loss
Sample.1,chr1,138910000,142470000,179,-0.0885,3560000,neutral
Sample.1,chr1,142490000,142950000,24,-1.3625,460000,loss
Sample.1,chr1,142970000,145630000,134,-0.2364,2660000,neutral
Sample.1,chr1,145650000,145690000,3,-0.9761,40000,loss
Sample.1,chr1,145710000,148250000,128,-0.111,2540000,neutral
Sample.1,chr1,148270000,148470000,11,-6.0079,2e+05,loss
Sample.1,chr1,148490000,148670000,10,-0.3247,180000,neutral
Sample.1,chr1,148690000,148850000,9,1.0402,160000,gain
Sample.1,chr1,148870000,155010000,308,0.0643,6140000,neutral
Sample.1,chr1,155030000,155270000,13,-0.8738,240000,loss
Sample.1,chr1,155290000,158410000,157,0.0244,3120000,neutral
Sample.1,chr1,158430000,158510000,5,-0.8047,80000,loss
Sample.1,chr1,158530000,158750000,12,0.0215,220000,neutral
Sample.1,chr1,158770000,158810000,3,-0.8962,40000,loss
Sample.1,chr1,158830000,160570000,88,-0.0475,1740000,neutral
Sample.1,chr1,160590000,161330000,38,-0.9991,740000,loss
Sample.1,chr1,161350000,210610000,2464,-0.1496,49260000,neutral
Sample.1,chr1,210630000,210670000,3,-2.2399,40000,loss
Sample.1,chr1,210690000,238550000,1394,-0.0429,27860000,neutral
Sample.1,chr1,238570000,239310000,38,0.7058,740000,gain
Sample.1,chr1,239330000,240290000,49,-0.0535,960000,neutral
Sample.1,chr1,240310000,241630000,67,0.6146,1320000,gain
Sample.1,chr1,241650000,242010000,19,0.0573,360000,neutral
Sample.1,chr1,242030000,242770000,38,0.6886,740000,gain
Sample.1,chr1,242790000,242950000,9,-0.0808,160000,neutral
Sample.1,chr1,242970000,246250000,165,0.5101,3280000,gain
Sample.1,chr1,246270000,246650000,20,-0.2199,380000,neutral
Sample.1,chr1,246670000,246770000,6,0.6311,1e+05,gain
Sample.1,chr1,246790000,246970000,10,-1.3637,180000,loss
Sample.1,chr1,246990000,247690000,36,0.777,7e+05,gain
Sample.1,chr1,247710000,248090000,20,-3.0314,380000,loss
Sample.1,chr1,248110000,248230000,7,1.5156,120000,gain
Sample.1,chr1,248250000,257170000,447,0.3605,8920000,neutral
Sample.1,chr1,257190000,257890000,36,-0.85,7e+05,loss
Sample.1,chr1,257910000,257970000,4,0.3817,60000,neutral
Sample.1,chr1,257990000,258170000,10,-0.6742,180000,loss
Sample.1,chr1,258190000,258450000,14,0.0635,260000,neutral
Sample.1,chr1,258470000,259630000,59,0.6213,1160000,gain
Sample.1,chr1,259650000,260510000,44,-1.1069,860000,loss
Sample.1,chr1,260530000,270390000,494,0.2014,9860000,neutral
Sample.1,chr1,270410000,270450000,3,-0.6508,40000,loss
Sample.1,chr1,270470000,270509090,3,-3.0111,39090,loss
Sample.1,chr2,10000,270000,14,0.3706,260000,neutral
Sample.1,chr2,290000,330000,3,1.1561,40000,gain
Sample.1,chr2,350000,1810000,74,0.2846,1460000,neutral
Sample.1,chr2,1830000,1870000,3,1.0785,40000,gain
Sample.1,chr2,1890000,2030000,8,0.3379,140000,neutral
Sample.1,chr2,2050000,2150000,6,1.1863,1e+05,gain
Sample.1,chr2,2170000,4050000,95,0.1339,1880000,neutral
Sample.1,chr2,4070000,4130000,4,1.0363,60000,gain
Sample.1,chr2,4150000,4990000,43,0.1437,840000,neutral
Sample.1,chr2,5010000,5090000,5,1.0489,80000,gain
Sample.1,chr2,5110000,5410000,16,0.028,3e+05,neutral
Sample.1,chr2,5430000,5630000,11,1.0197,2e+05,gain
Sample.1,chr2,5650000,13990000,418,0.0883,8340000,neutral
Sample.1,chr2,14010000,14030000,2,-1.4624,20000,loss
Sample.1,chr2,14050000,23890000,493,0.1184,9840000,neutral
Sample.1,chr2,23910000,24030000,7,-0.8535,120000,loss
Sample.1,chr2,24050000,24490000,23,-0.0086,440000,neutral
Sample.1,chr2,24510000,24570000,4,-1.1575,60000,loss
Sample.1,chr2,24590000,30210000,282,-0.1304,5620000,neutral
Sample.1,chr2,30230000,30750000,27,-1.2855,520000,loss
Sample.1,chr2,30770000,36750000,300,-0.1373,5980000,neutral
Sample.1,chr2,36770000,36850000,5,-1.338,80000,loss
Sample.1,chr2,36870000,39250000,120,0.0071,2380000,neutral
Sample.1,chr2,39270000,39310000,3,-0.9822,40000,loss
Sample.1,chr2,39330000,43050000,187,0.0017,3720000,neutral
Sample.1,chr2,43070000,43110000,3,-6.4793,40000,loss
Sample.1,chr2,43130000,53990000,544,-0.0071,10860000,neutral
Sample.1,chr2,54010000,54070000,4,-1.7578,60000,loss
Sample.1,chr2,54090000,78870000,1240,0.044,24780000,neutral
Sample.1,chr2,78890000,78950000,4,-0.7828,60000,loss
Sample.1,chr2,78970000,83690000,237,-0.0109,4720000,neutral
Sample.1,chr2,83710000,83770000,4,-0.6079,60000,loss
Sample.1,chr2,83790000,83910000,7,-0.0084,120000,neutral
Sample.1,chr2,83930000,84050000,7,-0.5456,120000,loss
Sample.1,chr2,84070000,84410000,18,0.0237,340000,neutral
Sample.1,chr2,84430000,84570000,8,-0.6903,140000,loss
Sample.1,chr2,84590000,86590000,101,0.0552,2e+06,neutral
Sample.1,chr2,86610000,87290000,35,-2.2893,680000,loss
Sample.1,chr2,87310000,87630000,17,-5.7112,320000,loss
Sample.1,chr2,87650000,87930000,15,-2.4011,280000,loss
Sample.1,chr2,87950000,99910000,599,0.0237,11960000,neutral
Sample.1,chr2,99930000,100250000,17,-0.5404,320000,loss
Sample.1,chr2,100270000,106710000,323,0.0289,6440000,neutral
Sample.1,chr2,106730000,106770000,3,-1.6018,40000,loss
Sample.1,chr2,106790000,109050000,114,0.0625,2260000,neutral
Sample.1,chr2,109070000,109470000,21,-0.9863,4e+05,loss
Sample.1,chr2,109490000,133750000,1214,-0.018,24260000,neutral
Sample.1,chr2,133770000,133810000,3,-2.7438,40000,loss
Sample.1,chr2,133830000,135550000,87,-0.0026,1720000,neutral
Sample.1,chr2,135570000,135670000,6,-4.0013,1e+05,loss
Sample.1,chr2,135690000,151070000,770,-0.0268,15380000,neutral
Sample.1,chr2,151090000,151210000,7,1.7307,120000,gain
Sample.1,chr2,151230000,153610000,120,0.0079,2380000,neutral
Sample.1,chr2,153630000,153790000,9,-1.0046,160000,loss
Sample.1,chr2,153810000,153950000,8,-0.1163,140000,neutral
Sample.1,chr2,153970000,154290000,17,-1.0522,320000,loss
Sample.1,chr2,154310000,178710000,1221,-0.0152,24400000,neutral
Sample.1,chr2,178730000,181770000,153,1.0644,3040000,gain
Sample.1,chr2,181790000,183570000,90,0.1522,1780000,neutral
Sample.1,chr2,183590000,183810000,12,-2.6465,220000,loss
Sample.1,chr2,183830000,183930000,6,0.8178,1e+05,gain
Sample.1,chr2,183950000,184070000,7,-1.9396,120000,loss
Sample.1,chr2,184090000,184330000,13,1.144,240000,gain
Sample.1,chr2,184350000,184550000,11,1.9931,2e+05,gain
Sample.1,chr2,184570000,191510000,348,0.4516,6940000,gain
Sample.1,chr2,191530000,192290000,39,-0.081,760000,neutral
Sample.1,chr2,192310000,193010000,36,0.425,7e+05,gain
Sample.1,chr2,193030000,193390000,19,-0.0751,360000,neutral
Sample.1,chr2,193410000,193590000,10,0.6972,180000,gain
Sample.1,chr2,193610000,194090000,25,-0.1841,480000,neutral
Sample.1,chr2,194110000,196750000,133,0.501,2640000,gain
Sample.1,chr2,196770000,196830000,4,-1.5103,60000,loss
Sample.1,chr2,196850000,201170000,217,0.503,4320000,gain
Sample.1,chr2,201190000,201230000,3,-0.0855,40000,neutral
Sample.1,chr2,201250000,201790000,28,1.1026,540000,gain
Sample.1,chr2,201810000,207470000,284,1.604,5660000,gain
Sample.1,chr2,207490000,218270000,540,0.956,10780000,gain
Sample.1,chr2,218290000,218330000,3,-0.2846,40000,neutral
Sample.1,chr2,218350000,218570000,12,0.5364,220000,gain
Sample.1,chr2,218590000,220370000,90,0.9767,1780000,gain
Sample.1,chr2,220390000,220430000,3,-0.0595,40000,neutral
Sample.1,chr2,220450000,223110000,134,0.8852,2660000,gain
Sample.1,chr2,223130000,229890000,339,-0.0113,6760000,neutral
Sample.1,chr2,229910000,230150000,13,-0.6329,240000,loss
Sample.1,chr2,230170000,233430000,164,0.0937,3260000,neutral
Sample.1,chr2,233450000,233490000,3,-0.9761,40000,loss
Sample.1,chr2,233510000,235970000,124,0.0939,2460000,neutral
Sample.1,chr2,235990000,236050000,4,-1.0325,60000,loss
Sample.1,chr2,236070000,236330000,14,-0.0623,260000,neutral
Sample.1,chr2,236350000,236390000,3,-1.1974,40000,loss
Sample.1,chr2,236410000,238090000,85,-0.0553,1680000,neutral
Sample.1,chr2,238110000,238190000,5,-0.5992,80000,loss
Sample.1,chr2,238210000,240230000,102,0.0529,2020000,neutral
Sample.1,chr2,240250000,240510000,14,-0.4641,260000,loss
Sample.1,chr2,240530000,240630000,6,-1.32,1e+05,loss
Sample.1,chr2,240650000,240830000,10,-0.5903,180000,loss
Sample.1,chr2,240850000,245850000,251,0.1058,5e+06,neutral
Sample.1,chr2,245870000,245930000,4,-0.3638,60000,neutral
Sample.1,chr2,245950000,246690000,38,0.4267,740000,gain
Sample.1,chr2,246710000,246730000,2,-6.3333,20000,loss
Sample.1,chr2,246750000,246990000,13,0.0524,240000,neutral
Sample.1,chr2,247010000,247210000,11,0.6701,2e+05,gain
Sample.1,chr2,247230000,247870000,33,0.1059,640000,neutral
Sample.1,chr2,247890000,251630000,188,0.8014,3740000,gain
Sample.1,chr2,251650000,251706354,4,0.022,56354,neutral
Sample.1,chr3,10000,1110000,56,-0.0861,1100000,neutral
Sample.1,chr3,1130000,1370000,13,0.9519,240000,gain
Sample.1,chr3,1390000,4310000,147,-0.1728,2920000,neutral
Sample.1,chr3,4330000,4370000,3,1.2947,40000,gain
Sample.1,chr3,4390000,5410000,52,-0.1625,1020000,neutral
Sample.1,chr3,5430000,5470000,3,1.8866,40000,gain
Sample.1,chr3,5490000,5570000,5,-1.3923,80000,loss
Sample.1,chr3,5590000,6870000,65,0.0453,1280000,neutral
Sample.1,chr3,6890000,7170000,15,0.4901,280000,gain
Sample.1,chr3,7190000,8710000,77,-0.1143,1520000,neutral
Sample.1,chr3,8730000,8870000,8,0.9124,140000,gain
Sample.1,chr3,8890000,15310000,322,-0.1412,6420000,neutral
Sample.1,chr3,15330000,16470000,58,-5.5381,1140000,loss
Sample.1,chr3,16490000,16610000,7,-0.3737,120000,neutral
Sample.1,chr3,16630000,18450000,92,-5.9291,1820000,loss
Sample.1,chr3,18470000,19050000,30,0.0748,580000,neutral
Sample.1,chr3,19070000,19150000,5,-0.6837,80000,loss
Sample.1,chr3,19170000,19370000,11,0.0359,2e+05,neutral
Sample.1,chr3,19390000,19470000,5,0.825,80000,gain
Sample.1,chr3,19490000,19970000,25,-0.0905,480000,neutral
Sample.1,chr3,19990000,20010000,2,2.9217,20000,gain
Sample.1,chr3,20030000,35050000,752,0.0134,15020000,neutral
Sample.1,chr3,35070000,35210000,8,-0.9681,140000,loss
Sample.1,chr3,35230000,41250000,302,-0.0107,6020000,neutral
Sample.1,chr3,41270000,41490000,12,1.356,220000,gain
Sample.1,chr3,41510000,106350000,3243,0.1926,64840000,neutral
Sample.1,chr3,106370000,106490000,7,0.903,120000,gain
Sample.1,chr3,106510000,107270000,39,0.1999,760000,neutral
Sample.1,chr3,107290000,107350000,4,-0.4465,60000,loss
Sample.1,chr3,107370000,123370000,801,0.2368,1.6e+07,neutral
Sample.1,chr3,123390000,123430000,3,-1.01,40000,loss
Sample.1,chr3,123450000,126070000,132,0.1837,2620000,neutral
Sample.1,chr3,126090000,126350000,14,-0.3844,260000,neutral
Sample.1,chr3,126370000,129830000,174,0.1555,3460000,neutral
Sample.1,chr3,129850000,130030000,10,0.8818,180000,gain
Sample.1,chr3,130050000,143290000,663,0.1028,13240000,neutral
Sample.1,chr3,143310000,143410000,6,-1.125,1e+05,loss
Sample.1,chr3,143430000,148190000,239,0.2227,4760000,neutral
Sample.1,chr3,148210000,148310000,6,-0.5544,1e+05,loss
Sample.1,chr3,148330000,151810000,175,0.1916,3480000,neutral
Sample.1,chr3,151830000,152010000,10,-0.4857,180000,loss
Sample.1,chr3,152030000,152650000,32,0.0554,620000,neutral
Sample.1,chr3,152670000,152710000,3,-1.008,40000,loss
Sample.1,chr3,152730000,156830000,206,0.0906,4100000,neutral
Sample.1,chr3,156850000,156950000,6,-1.4704,1e+05,loss
Sample.1,chr3,156970000,157090000,7,-5.3762,120000,loss
Sample.1,chr3,157110000,157370000,14,1.6232,260000,gain
Sample.1,chr3,157390000,165910000,427,-0.0256,8520000,neutral
Sample.1,chr3,165930000,165990000,4,-6.4793,60000,loss
Sample.1,chr3,166010000,174050000,403,-0.093,8040000,neutral
Sample.1,chr3,174070000,175030000,49,-1.4885,960000,loss
Sample.1,chr3,175050000,175110000,4,-2.5466,60000,loss
Sample.1,chr3,175130000,175930000,41,-1.4398,8e+05,loss
Sample.1,chr3,175950000,184150000,411,-0.2792,8200000,neutral
Sample.1,chr3,184170000,184190000,2,0.7446,20000,gain
Sample.1,chr3,184210000,184510000,16,1.4333,3e+05,gain
Sample.1,chr3,184530000,185570000,53,0.2841,1040000,neutral
Sample.1,chr3,185590000,185790000,11,-0.5622,2e+05,loss
Sample.1,chr3,185810000,185870000,4,0.5272,60000,gain
Sample.1,chr3,185890000,187150000,64,-0.2656,1260000,neutral
Sample.1,chr3,187170000,187230000,4,-0.8767,60000,loss
Sample.1,chr3,187250000,189424155,110,-0.0248,2174155,neutral
Sample.1,chr4,10000,490000,25,0.2543,480000,neutral
Sample.1,chr4,510000,1550000,53,1.1164,1040000,gain
Sample.1,chr4,1570000,1610000,3,-1.7347,40000,loss
Sample.1,chr4,1630000,2830000,61,0.9759,1200000,gain
Sample.1,chr4,2850000,2890000,3,1.8647,40000,gain
Sample.1,chr4,2910000,3750000,43,0.9956,840000,gain
Sample.1,chr4,3770000,4110000,18,0.0667,340000,neutral
Sample.1,chr4,4130000,5130000,51,1.1012,1e+06,gain
Sample.1,chr4,5150000,5230000,5,2.0372,80000,gain
Sample.1,chr4,5250000,5330000,5,0.6692,80000,gain
Sample.1,chr4,5350000,5590000,13,-1.8705,240000,loss
Sample.1,chr4,5610000,14950000,468,-0.1587,9340000,neutral
Sample.1,chr4,14970000,15030000,4,-1.0479,60000,loss
Sample.1,chr4,15050000,21710000,334,0.0654,6660000,neutral
Sample.1,chr4,21730000,21830000,6,-1.1365,1e+05,loss
Sample.1,chr4,21850000,21870000,2,-3.6349,20000,loss
Sample.1,chr4,21890000,22430000,28,0.215,540000,neutral
Sample.1,chr4,22450000,22610000,9,-0.6803,160000,loss
Sample.1,chr4,22630000,23330000,36,0.2523,7e+05,neutral
Sample.1,chr4,23350000,23410000,4,-0.8121,60000,loss
Sample.1,chr4,23430000,31250000,392,0.0612,7820000,neutral
Sample.1,chr4,31270000,31310000,3,0.9014,40000,gain
Sample.1,chr4,31330000,57990000,1334,0.0213,26660000,neutral
Sample.1,chr4,58010000,58190000,10,-0.7958,180000,loss
Sample.1,chr4,58210000,62850000,233,-0.142,4640000,neutral
Sample.1,chr4,62870000,62990000,7,-1.0188,120000,loss
Sample.1,chr4,63010000,71890000,445,-0.062,8880000,neutral
Sample.1,chr4,71910000,72030000,7,-0.8997,120000,loss
Sample.1,chr4,72050000,75570000,177,0.0253,3520000,neutral
Sample.1,chr4,75590000,75790000,11,-0.9148,2e+05,loss
Sample.1,chr4,75810000,77810000,101,0.0575,2e+06,neutral
Sample.1,chr4,77830000,78090000,14,-6.2391,260000,loss
Sample.1,chr4,78110000,99230000,1057,-0.0658,21120000,neutral
Sample.1,chr4,99250000,99530000,15,-3.3656,280000,loss
Sample.1,chr4,99550000,100390000,43,-0.166,840000,neutral
Sample.1,chr4,100410000,100470000,4,-5.7648,60000,loss
Sample.1,chr4,100490000,101550000,54,-0.0074,1060000,neutral
Sample.1,chr4,101570000,101630000,4,-5.9864,60000,loss
Sample.1,chr4,101650000,101670000,2,-1.353,20000,loss
Sample.1,chr4,101690000,103470000,90,-0.019,1780000,neutral
Sample.1,chr4,103490000,103730000,13,0.8985,240000,gain
Sample.1,chr4,103750000,115070000,567,-0.0712,11320000,neutral
Sample.1,chr4,115090000,115230000,8,-0.8238,140000,loss
Sample.1,chr4,115250000,123930000,435,-0.167,8680000,neutral
Sample.1,chr4,123950000,124550000,31,-1.0446,6e+05,loss
Sample.1,chr4,124570000,124710000,8,-1.7124,140000,loss
Sample.1,chr4,124730000,127810000,155,-0.0911,3080000,neutral
Sample.1,chr4,127830000,128030000,11,-1.4143,2e+05,loss
Sample.1,chr4,128050000,133210000,259,-0.1047,5160000,neutral
Sample.1,chr4,133230000,133290000,4,-1.7264,60000,loss
Sample.1,chr4,133310000,145210000,596,-0.103,11900000,neutral
Sample.1,chr4,145230000,145330000,6,-0.9369,1e+05,loss
Sample.1,chr4,145350000,149210000,194,-0.169,3860000,neutral
Sample.1,chr4,149230000,149290000,4,-1.2844,60000,loss
Sample.1,chr4,149310000,149330000,2,-4.287,20000,loss
Sample.1,chr4,149350000,153010000,184,-0.1586,3660000,neutral
Sample.1,chr4,153030000,154610000,80,-1.2945,1580000,loss
Sample.1,chr4,154630000,160570000,298,-0.2723,5940000,neutral
Sample.1,chr4,160590000,160650000,4,-0.8479,60000,loss
Sample.1,chr4,160670000,161250000,30,-0.1285,580000,neutral
Sample.1,chr4,161270000,161310000,3,-1.0566,40000,loss
Sample.1,chr4,161330000,167210000,295,-0.0699,5880000,neutral
Sample.1,chr4,167230000,168230000,51,0.6964,1e+06,gain
Sample.1,chr4,168250000,184390000,808,-0.2145,16140000,neutral
Sample.1,chr4,184410000,184423240.5,2,-0.8118,13240.5,loss
Sample.1,chr5,10000,1950000,98,0.7143,1940000,gain
Sample.1,chr5,1970000,2410000,23,-0.5237,440000,loss
Sample.1,chr5,2430000,2970000,28,0.7813,540000,gain
Sample.1,chr5,2990000,3250000,14,-0.3037,260000,neutral
Sample.1,chr5,3270000,3470000,11,0.7782,2e+05,gain
Sample.1,chr5,3490000,4130000,33,-0.3911,640000,neutral
Sample.1,chr5,4150000,4390000,13,0.4059,240000,gain
Sample.1,chr5,4410000,4710000,16,-0.3608,3e+05,neutral
Sample.1,chr5,4730000,5590000,44,1.0802,860000,gain
Sample.1,chr5,5610000,26610000,1051,-0.0116,2.1e+07,neutral
Sample.1,chr5,26630000,26690000,4,-1.4873,60000,loss
Sample.1,chr5,26710000,29370000,134,-0.1184,2660000,neutral
Sample.1,chr5,29390000,29410000,2,1.6431,20000,gain
Sample.1,chr5,29430000,56130000,1336,0.0119,26700000,neutral
Sample.1,chr5,56150000,56230000,5,1.0932,80000,gain
Sample.1,chr5,56250000,68510000,614,-0.1051,12260000,neutral
Sample.1,chr5,68530000,68590000,4,-1.3013,60000,loss
Sample.1,chr5,68610000,80590000,600,-0.0719,11980000,neutral
Sample.1,chr5,80610000,80630000,2,-2.2035,20000,loss
Sample.1,chr5,80650000,84830000,210,0.0122,4180000,neutral
Sample.1,chr5,84850000,84890000,3,-0.951,40000,loss
Sample.1,chr5,84910000,90450000,278,0.0471,5540000,neutral
Sample.1,chr5,90470000,90490000,2,-1.6603,20000,loss
Sample.1,chr5,90510000,108230000,887,0.0434,17720000,neutral
Sample.1,chr5,108250000,108350000,6,-6.0961,1e+05,loss
Sample.1,chr5,108370000,109010000,33,0.1063,640000,neutral
Sample.1,chr5,109030000,109090000,4,-5.8596,60000,loss
Sample.1,chr5,109110000,130070000,1049,-0.0305,20960000,neutral
Sample.1,chr5,130090000,130170000,5,-0.7343,80000,loss
Sample.1,chr5,130190000,132430000,113,0.0627,2240000,neutral
Sample.1,chr5,132450000,132990000,28,-6.1283,540000,loss
Sample.1,chr5,133010000,136390000,170,-0.2461,3380000,neutral
Sample.1,chr5,136410000,136470000,4,1.2871,60000,gain
Sample.1,chr5,136490000,136530000,3,-6.4793,40000,loss
Sample.1,chr5,136550000,139630000,155,-0.3076,3080000,neutral
Sample.1,chr5,139650000,139690000,3,0.3279,40000,neutral
Sample.1,chr5,139710000,159130000,972,-0.4289,19420000,loss
Sample.1,chr5,159150000,159270000,7,-1.6562,120000,loss
Sample.1,chr5,159290000,162470000,160,-0.3474,3180000,neutral
Sample.1,chr5,162490000,163550000,54,0.3726,1060000,neutral
Sample.1,chr5,163570000,164450000,45,-0.4202,880000,loss
Sample.1,chr5,164470000,164590000,7,-1.0544,120000,loss
Sample.1,chr5,164610000,172150000,378,-0.4379,7540000,loss
Sample.1,chr5,172170000,172185152.5,2,-6.1896,15152.5,loss
Sample.1,chr6,10000,210000,11,1.3799,2e+05,gain
Sample.1,chr6,230000,750000,27,0.9392,520000,gain
Sample.1,chr6,770000,810000,3,0.3175,40000,neutral
Sample.1,chr6,830000,1730000,46,1.0928,9e+05,gain
Sample.1,chr6,1750000,1830000,5,1.9414,80000,gain
Sample.1,chr6,1850000,2270000,22,1.061,420000,gain
Sample.1,chr6,2290000,2390000,6,2.2185,1e+05,gain
Sample.1,chr6,2410000,2590000,10,1.3921,180000,gain
Sample.1,chr6,2610000,2790000,10,2.2631,180000,gain
Sample.1,chr6,2810000,3310000,26,0.9195,5e+05,gain
Sample.1,chr6,3330000,3610000,15,1.4133,280000,gain
Sample.1,chr6,3630000,3710000,5,0.7561,80000,gain
Sample.1,chr6,3730000,3910000,10,1.5191,180000,gain
Sample.1,chr6,3930000,5790000,94,0.8229,1860000,gain
Sample.1,chr6,5810000,28810000,1151,0.03,2.3e+07,neutral
Sample.1,chr6,28830000,28850000,2,-1.3404,20000,loss
Sample.1,chr6,28870000,32950000,205,-0.1915,4080000,neutral
Sample.1,chr6,32970000,33170000,11,0.2911,2e+05,neutral
Sample.1,chr6,33190000,33610000,22,-0.2365,420000,neutral
Sample.1,chr6,33630000,33850000,12,0.2394,220000,neutral
Sample.1,chr6,33870000,34190000,17,-0.425,320000,loss
Sample.1,chr6,34210000,36890000,135,0.0601,2680000,neutral
Sample.1,chr6,36910000,37170000,14,-0.4459,260000,loss
Sample.1,chr6,37190000,37250000,4,0.5209,60000,gain
Sample.1,chr6,37270000,42050000,240,-0.026,4780000,neutral
Sample.1,chr6,42070000,42270000,11,-0.5695,2e+05,loss
Sample.1,chr6,42290000,47110000,242,-0.0294,4820000,neutral
Sample.1,chr6,47130000,47190000,4,-0.6621,60000,loss
Sample.1,chr6,47210000,47430000,12,-0.0391,220000,neutral
Sample.1,chr6,47450000,47510000,4,-0.9254,60000,loss
Sample.1,chr6,47530000,51990000,224,-0.0478,4460000,neutral
Sample.1,chr6,52010000,52030000,2,-1.1109,20000,loss
Sample.1,chr6,52050000,55850000,191,-0.0538,3800000,neutral
Sample.1,chr6,55870000,57370000,76,-0.9645,1500000,loss
Sample.1,chr6,57390000,58650000,64,0.2429,1260000,neutral
Sample.1,chr6,58670000,59890000,62,-0.854,1220000,loss
Sample.1,chr6,59910000,91830000,1597,0.0568,31920000,neutral
Sample.1,chr6,91850000,92050000,11,-0.9082,2e+05,loss
Sample.1,chr6,92070000,105070000,651,-0.0783,1.3e+07,neutral
Sample.1,chr6,105090000,105490000,21,-4.4427,4e+05,loss
Sample.1,chr6,105510000,119450000,698,-0.0736,13940000,neutral
Sample.1,chr6,119470000,119950000,25,-6.4572,480000,loss
Sample.1,chr6,119970000,126230000,314,-0.0638,6260000,neutral
Sample.1,chr6,126250000,126270000,2,-2.6235,20000,loss
Sample.1,chr6,126290000,127470000,60,-0.1637,1180000,neutral
Sample.1,chr6,127490000,127630000,8,-0.8183,140000,loss
Sample.1,chr6,127650000,128090000,23,0.0306,440000,neutral
Sample.1,chr6,128110000,128410000,16,-0.6086,3e+05,loss
Sample.1,chr6,128430000,128570000,8,0.2571,140000,neutral
Sample.1,chr6,128590000,134350000,289,-0.3669,5760000,neutral
Sample.1,chr6,134370000,134530000,9,0.3864,160000,neutral
Sample.1,chr6,134550000,138530000,200,-0.4283,3980000,loss
Sample.1,chr6,138550000,138750000,11,1.6309,2e+05,gain
Sample.1,chr6,138770000,138930000,9,-0.3938,160000,neutral
Sample.1,chr6,138950000,139130000,10,1.3777,180000,gain
Sample.1,chr6,139150000,139370000,12,-0.8468,220000,loss
Sample.1,chr6,139390000,139750000,19,2.0775,360000,gain
Sample.1,chr6,139770000,139990000,12,-2.451,220000,loss
Sample.1,chr6,140010000,140730000,37,0.0474,720000,neutral
Sample.1,chr6,140750000,140790000,3,1.3733,40000,gain
Sample.1,chr6,140810000,141050000,13,0.0767,240000,neutral
Sample.1,chr6,141070000,141110000,3,-5.8113,40000,loss
Sample.1,chr6,141130000,142750000,82,0.2065,1620000,neutral
Sample.1,chr6,142770000,142930000,9,-3.8899,160000,loss
Sample.1,chr6,142950000,146070000,157,-0.1741,3120000,neutral
Sample.1,chr6,146090000,146990000,46,0.3295,9e+05,neutral
Sample.1,chr6,147010000,147148326.5,8,-0.2235,138326.5,neutral
Sample.1,chr7,10000,110000,6,-5.0202,1e+05,loss
Sample.1,chr7,130000,430000,16,-2.7014,3e+05,loss
Sample.1,chr7,450000,530000,5,-4.6758,80000,loss
Sample.1,chr7,550000,810000,14,-0.101,260000,neutral
Sample.1,chr7,830000,1010000,10,-4.7796,180000,loss
Sample.1,chr7,1030000,1150000,7,-0.1904,120000,neutral
Sample.1,chr7,1170000,1190000,2,-1.0552,20000,loss
Sample.1,chr7,1210000,1630000,22,-0.6033,420000,loss
Sample.1,chr7,1650000,1670000,2,-1.2054,20000,loss
Sample.1,chr7,1690000,1990000,16,-0.323,3e+05,neutral
Sample.1,chr7,2010000,3270000,64,0.1087,1260000,neutral
Sample.1,chr7,3290000,5650000,119,-6.2497,2360000,loss
Sample.1,chr7,5670000,18170000,626,-0.1107,12500000,neutral
Sample.1,chr7,18190000,18590000,21,-5.3959,4e+05,loss
Sample.1,chr7,18610000,18670000,4,-0.5335,60000,loss
Sample.1,chr7,18690000,18770000,5,0.9528,80000,gain
Sample.1,chr7,18790000,29630000,543,-0.1928,10840000,neutral
Sample.1,chr7,29650000,29790000,8,-1.3311,140000,loss
Sample.1,chr7,29810000,55350000,1278,-0.0011,25540000,neutral
Sample.1,chr7,55370000,55430000,4,-1.0842,60000,loss
Sample.1,chr7,55450000,59550000,206,-0.1789,4100000,neutral
Sample.1,chr7,59570000,59610000,3,-1.8992,40000,loss
Sample.1,chr7,59630000,64470000,243,0.0407,4840000,neutral
Sample.1,chr7,64490000,65090000,31,-0.5385,6e+05,loss
Sample.1,chr7,65110000,65210000,6,0.1807,1e+05,neutral
Sample.1,chr7,65230000,65630000,21,-0.4722,4e+05,loss
Sample.1,chr7,65650000,67270000,82,0.0725,1620000,neutral
Sample.1,chr7,67290000,67470000,10,-0.4586,180000,loss
Sample.1,chr7,67490000,83070000,780,0.0409,15580000,neutral
Sample.1,chr7,83090000,83190000,6,-0.8528,1e+05,loss
Sample.1,chr7,83210000,83870000,34,0.2386,660000,neutral
Sample.1,chr7,83890000,83950000,4,-0.9378,60000,loss
Sample.1,chr7,83970000,83990000,2,-6.4793,20000,loss
Sample.1,chr7,84010000,85070000,54,0.25,1060000,neutral
Sample.1,chr7,85090000,85190000,6,-0.5655,1e+05,loss
Sample.1,chr7,85210000,90530000,267,0.1322,5320000,neutral
Sample.1,chr7,90550000,90590000,3,-0.3969,40000,neutral
Sample.1,chr7,90610000,95090000,225,0.1519,4480000,neutral
Sample.1,chr7,95110000,95590000,25,-0.4244,480000,loss
Sample.1,chr7,95610000,111810000,811,0.0859,16200000,neutral
Sample.1,chr7,111830000,111930000,6,-1.0093,1e+05,loss
Sample.1,chr7,111950000,122570000,532,-0.1353,10620000,neutral
Sample.1,chr7,122590000,122610000,2,-1.7807,20000,loss
Sample.1,chr7,122630000,131610000,450,0.0011,8980000,neutral
Sample.1,chr7,131630000,131930000,16,-0.597,3e+05,loss
Sample.1,chr7,131950000,133790000,93,-0.1555,1840000,neutral
Sample.1,chr7,133810000,133830000,2,-1.7635,20000,loss
Sample.1,chr7,133850000,134590000,38,-0.2836,740000,neutral
Sample.1,chr7,134610000,134930000,17,0.2739,320000,neutral
Sample.1,chr7,134950000,135470000,27,-0.3496,520000,neutral
Sample.1,chr7,135490000,136710000,62,0.1203,1220000,neutral
Sample.1,chr7,136730000,136790000,4,-2.1013,60000,loss
Sample.1,chr7,136810000,137007298,11,-0.0914,197298,neutral
Sample.1,chr8,10000,650000,33,0.8822,640000,gain
Sample.1,chr8,670000,890000,12,1.8714,220000,gain
Sample.1,chr8,910000,1930000,52,1.099,1020000,gain
Sample.1,chr8,1950000,2390000,23,1.927,440000,gain
Sample.1,chr8,2410000,3110000,36,1.2528,7e+05,gain
Sample.1,chr8,3130000,3190000,4,2.211,60000,gain
Sample.1,chr8,3210000,5310000,106,-0.5268,2100000,loss
Sample.1,chr8,5330000,7490000,109,0.995,2160000,gain
Sample.1,chr8,7510000,7590000,5,0.0776,80000,neutral
Sample.1,chr8,7610000,7730000,7,1.6406,120000,gain
Sample.1,chr8,7750000,7770000,2,-5.9418,20000,loss
Sample.1,chr8,7790000,7970000,10,-1.0597,180000,loss
Sample.1,chr8,7990000,8370000,20,0.8875,380000,gain
Sample.1,chr8,8390000,31990000,1181,0.0283,23600000,neutral
Sample.1,chr8,32010000,32050000,3,0.7274,40000,gain
Sample.1,chr8,32070000,35750000,185,-0.0625,3680000,neutral
Sample.1,chr8,35770000,36530000,39,-1.1623,760000,loss
Sample.1,chr8,36550000,38510000,99,-0.1172,1960000,neutral
Sample.1,chr8,38530000,38750000,12,-0.6148,220000,loss
Sample.1,chr8,38770000,41550000,140,-0.0282,2780000,neutral
Sample.1,chr8,41570000,41610000,3,-0.9653,40000,loss
Sample.1,chr8,41630000,41850000,12,-0.0432,220000,neutral
Sample.1,chr8,41870000,42010000,8,-1.2056,140000,loss
Sample.1,chr8,42030000,43050000,52,0.0788,1020000,neutral
Sample.1,chr8,43070000,43210000,8,-1.5118,140000,loss
Sample.1,chr8,43230000,44330000,56,0.255,1100000,neutral
Sample.1,chr8,44350000,46250000,96,-0.2463,1900000,neutral
Sample.1,chr8,46270000,46370000,6,0.2879,1e+05,neutral
Sample.1,chr8,46390000,46630000,13,1.2508,240000,gain
Sample.1,chr8,46650000,46670000,2,-4.3909,20000,loss
Sample.1,chr8,46690000,46770000,5,-0.8148,80000,loss
Sample.1,chr8,46790000,46990000,11,1.6427,2e+05,gain
Sample.1,chr8,47010000,47050000,3,-1.7409,40000,loss
Sample.1,chr8,47070000,63930000,844,-0.0933,16860000,neutral
Sample.1,chr8,63950000,63990000,3,-0.8888,40000,loss
Sample.1,chr8,64010000,78330000,717,-0.1382,14320000,neutral
Sample.1,chr8,78350000,78470000,7,-0.7937,120000,loss
Sample.1,chr8,78490000,80090000,81,-0.1301,1600000,neutral
Sample.1,chr8,80110000,80190000,5,-0.97,80000,loss
Sample.1,chr8,80210000,81410000,61,-0.038,1200000,neutral
Sample.1,chr8,81430000,81530000,6,-0.7412,1e+05,loss
Sample.1,chr8,81550000,84330000,140,0.02,2780000,neutral
Sample.1,chr8,84350000,84430000,5,-0.4977,80000,loss
Sample.1,chr8,84450000,87990000,178,0.0149,3540000,neutral
Sample.1,chr8,88010000,88050000,3,0.613,40000,gain
Sample.1,chr8,88070000,104690000,832,0.027,16620000,neutral
Sample.1,chr8,104710000,104770000,4,-0.5789,60000,loss
Sample.1,chr8,104790000,105510000,37,0.0773,720000,neutral
Sample.1,chr8,105530000,105610000,5,-0.7403,80000,loss
Sample.1,chr8,105630000,108830000,161,-0.1616,3200000,neutral
Sample.1,chr8,108850000,108890000,3,-0.9688,40000,loss
Sample.1,chr8,108910000,110430000,77,-0.069,1520000,neutral
Sample.1,chr8,110450000,110610000,9,-0.9032,160000,loss
Sample.1,chr8,110630000,113010000,120,-0.2146,2380000,neutral
Sample.1,chr8,113030000,113070000,3,-0.9989,40000,loss
Sample.1,chr8,113090000,117290000,211,-0.1986,4200000,neutral
Sample.1,chr8,117310000,117410000,6,0.3088,1e+05,neutral
Sample.1,chr8,117430000,123490000,304,-0.2127,6060000,neutral
Sample.1,chr8,123510000,123610000,6,-0.8422,1e+05,loss
Sample.1,chr8,123630000,127550000,197,-0.2397,3920000,neutral
Sample.1,chr8,127570000,127830000,14,-0.8957,260000,loss
Sample.1,chr8,127850000,132781218,248,-0.2112,4931218,neutral
Sample.1,chr9,10000,50000,3,0.2548,40000,neutral
Sample.1,chr9,70000,510000,23,0.9735,440000,gain
Sample.1,chr9,530000,890000,19,0.1263,360000,neutral
Sample.1,chr9,910000,2810000,96,-0.5427,1900000,loss
Sample.1,chr9,2830000,3170000,18,-0.0549,340000,neutral
Sample.1,chr9,3190000,3330000,8,1.57,140000,gain
Sample.1,chr9,3350000,6950000,181,-0.0795,3600000,neutral
Sample.1,chr9,6970000,7110000,8,1.1829,140000,gain
Sample.1,chr9,7130000,7370000,13,0.6089,240000,gain
Sample.1,chr9,7390000,10290000,146,0.093,2900000,neutral
Sample.1,chr9,10310000,10390000,5,0.9306,80000,gain
Sample.1,chr9,10410000,10710000,16,-1.6676,3e+05,loss
Sample.1,chr9,10730000,10890000,9,0.6095,160000,gain
Sample.1,chr9,10910000,11310000,21,-3.0043,4e+05,loss
Sample.1,chr9,11330000,12810000,75,0.2553,1480000,neutral
Sample.1,chr9,12830000,14970000,108,-2.151,2140000,loss
Sample.1,chr9,14990000,15130000,8,-0.833,140000,loss
Sample.1,chr9,15150000,15990000,43,0.6766,840000,gain
Sample.1,chr9,16010000,16150000,8,-1.1306,140000,loss
Sample.1,chr9,16170000,16330000,9,-3.1034,160000,loss
Sample.1,chr9,16350000,44630000,1415,-0.0758,28280000,neutral
Sample.1,chr9,44650000,44750000,6,-0.9415,1e+05,loss
Sample.1,chr9,44770000,94510000,2488,-0.0019,49740000,neutral
Sample.1,chr9,94530000,94650000,7,-0.737,120000,loss
Sample.1,chr9,94670000,104970000,516,-0.1325,10300000,neutral
Sample.1,chr9,104990000,105050000,4,-1.1742,60000,loss
Sample.1,chr9,105070000,112710000,383,0.0114,7640000,neutral
Sample.1,chr9,112730000,112830000,6,-0.6679,1e+05,loss
Sample.1,chr9,112850000,113610000,39,-0.0915,760000,neutral
Sample.1,chr9,113630000,113690000,4,-2.0833,60000,loss
Sample.1,chr9,113710000,121764075,404,-0.0238,8054075,neutral
Sample.1,chr10,10000,550000,28,1.117,540000,gain
Sample.1,chr10,570000,5810000,263,-0.1216,5240000,neutral
Sample.1,chr10,5830000,5890000,4,-1.2564,60000,loss
Sample.1,chr10,5910000,7270000,69,-0.2489,1360000,neutral
Sample.1,chr10,7290000,7450000,9,-1.0164,160000,loss
Sample.1,chr10,7470000,12330000,244,-0.2734,4860000,neutral
Sample.1,chr10,12350000,12470000,7,-3.8099,120000,loss
Sample.1,chr10,12490000,18150000,284,-0.258,5660000,neutral
Sample.1,chr10,18170000,18230000,4,-1.1643,60000,loss
Sample.1,chr10,18250000,28430000,510,-0.0892,10180000,neutral
Sample.1,chr10,28450000,28650000,11,-0.9029,2e+05,loss
Sample.1,chr10,28670000,39930000,564,-0.1447,11260000,neutral
Sample.1,chr10,39950000,40010000,4,-0.9703,60000,loss
Sample.1,chr10,40030000,42530000,126,-0.1942,2500000,neutral
Sample.1,chr10,42550000,42670000,7,-1.1735,120000,loss
Sample.1,chr10,42690000,61130000,923,-0.1479,18440000,neutral
Sample.1,chr10,61150000,61350000,11,-0.6368,2e+05,loss
Sample.1,chr10,61370000,61870000,26,-0.0998,5e+05,neutral
Sample.1,chr10,61890000,62030000,8,-0.8071,140000,loss
Sample.1,chr10,62050000,64830000,140,-0.1398,2780000,neutral
Sample.1,chr10,64850000,64990000,8,0.4311,140000,gain
Sample.1,chr10,65010000,79790000,740,-0.1331,14780000,neutral
Sample.1,chr10,79810000,80210000,21,-0.6152,4e+05,loss
Sample.1,chr10,80230000,80290000,4,1.6662,60000,gain
Sample.1,chr10,80310000,80690000,20,-0.5946,380000,loss
Sample.1,chr10,80710000,80930000,12,0.0962,220000,neutral
Sample.1,chr10,80950000,83370000,122,-0.4962,2420000,loss
Sample.1,chr10,83390000,83570000,10,-0.8787,180000,loss
Sample.1,chr10,83590000,85130000,78,-0.2135,1540000,neutral
Sample.1,chr10,85150000,85190000,3,0.8592,40000,gain
Sample.1,chr10,85210000,107290000,1105,-0.3096,22080000,neutral
Sample.1,chr10,107310000,107706904,21,0.1154,396904,neutral
Sample.1,chr11,10000,190000,10,0.2994,180000,neutral
Sample.1,chr11,210000,450000,13,2.562,240000,gain
Sample.1,chr11,470000,2130000,84,0.1426,1660000,neutral
Sample.1,chr11,2150000,2170000,2,-2.002,20000,loss
Sample.1,chr11,2190000,5570000,170,0.0696,3380000,neutral
Sample.1,chr11,5590000,5610000,2,-5.3053,20000,loss
Sample.1,chr11,5630000,8490000,144,0.061,2860000,neutral
Sample.1,chr11,8510000,9250000,38,1.1992,740000,gain
Sample.1,chr11,9270000,9290000,2,-0.2844,20000,neutral
Sample.1,chr11,9310000,9330000,2,-5.8891,20000,loss
Sample.1,chr11,9350000,9790000,23,-0.1357,440000,neutral
Sample.1,chr11,9810000,10010000,11,-2.6902,2e+05,loss
Sample.1,chr11,10030000,10330000,16,-0.546,3e+05,loss
Sample.1,chr11,10350000,11110000,39,0.6944,760000,gain
Sample.1,chr11,11130000,11330000,11,-0.3675,2e+05,neutral
Sample.1,chr11,11350000,12030000,35,0.9147,680000,gain
Sample.1,chr11,12050000,12150000,6,2.5554,1e+05,gain
Sample.1,chr11,12170000,13030000,44,0.9707,860000,gain
Sample.1,chr11,13050000,13110000,4,-1.1679,60000,loss
Sample.1,chr11,13130000,13350000,12,1.4008,220000,gain
Sample.1,chr11,13370000,58150000,2240,0.1644,44780000,neutral
Sample.1,chr11,58170000,58210000,3,-1.2147,40000,loss
Sample.1,chr11,58230000,77950000,987,0.2027,19720000,neutral
Sample.1,chr11,77970000,78030000,4,0.8251,60000,gain
Sample.1,chr11,78050000,83630000,280,-0.0303,5580000,neutral
Sample.1,chr11,83650000,83770000,7,-0.7944,120000,loss
Sample.1,chr11,83790000,89590000,291,0.146,5800000,neutral
Sample.1,chr11,89610000,89790000,10,-0.1908,180000,neutral
Sample.1,chr11,89810000,89890000,5,-1.1175,80000,loss
Sample.1,chr11,89910000,99150000,463,0.0619,9240000,neutral
Sample.1,chr11,99170000,99210000,3,-0.6765,40000,loss
Sample.1,chr11,99230000,99746683.5,27,0.3302,516683.5,neutral
Sample.1,chr12,10000,390000,20,-5.679,380000,loss
Sample.1,chr12,410000,1670000,64,0.1188,1260000,neutral
Sample.1,chr12,1690000,1810000,7,-2.5511,120000,loss
Sample.1,chr12,1830000,2390000,29,-5.9161,560000,loss
Sample.1,chr12,2410000,2470000,4,-2.0913,60000,loss
Sample.1,chr12,2490000,2630000,8,-5.8981,140000,loss
Sample.1,chr12,2650000,5910000,164,-0.1468,3260000,neutral
Sample.1,chr12,5930000,5970000,3,3.2595,40000,gain
Sample.1,chr12,5990000,6610000,32,-0.6249,620000,loss
Sample.1,chr12,6630000,8650000,102,-0.0247,2020000,neutral
Sample.1,chr12,8670000,8830000,9,-0.7978,160000,loss
Sample.1,chr12,8850000,9130000,15,-4.4649,280000,loss
Sample.1,chr12,9150000,9390000,13,0.1753,240000,neutral
Sample.1,chr12,9410000,12750000,168,-0.4577,3340000,loss
Sample.1,chr12,12770000,12950000,10,-1.6573,180000,loss
Sample.1,chr12,12970000,13850000,45,-0.529,880000,loss
Sample.1,chr12,13870000,14590000,37,0.0868,720000,neutral
Sample.1,chr12,14610000,21010000,321,-0.5066,6400000,loss
Sample.1,chr12,21030000,22870000,93,0.0387,1840000,neutral
Sample.1,chr12,22890000,23350000,24,-6.0804,460000,loss
Sample.1,chr12,23370000,23450000,5,-1.076,80000,loss
Sample.1,chr12,23470000,23650000,10,-5.923,180000,loss
Sample.1,chr12,23670000,23790000,7,-1.315,120000,loss
Sample.1,chr12,23810000,24150000,18,-6.1478,340000,loss
Sample.1,chr12,24170000,24250000,5,-3.2126,80000,loss
Sample.1,chr12,24270000,24490000,12,-6.3615,220000,loss
Sample.1,chr12,24510000,27170000,134,-0.4937,2660000,loss
Sample.1,chr12,27190000,27370000,10,-1.1291,180000,loss
Sample.1,chr12,27390000,27950000,29,-0.5128,560000,loss
Sample.1,chr12,27970000,28050000,5,-1.0411,80000,loss
Sample.1,chr12,28070000,29530000,74,-0.3487,1460000,neutral
Sample.1,chr12,29550000,29890000,18,-1.2106,340000,loss
Sample.1,chr12,29910000,33710000,191,-0.4169,3800000,loss
Sample.1,chr12,33730000,33810000,5,-1.3572,80000,loss
Sample.1,chr12,33830000,36730000,146,-0.4833,2900000,loss
Sample.1,chr12,36750000,37050000,16,-1.0129,3e+05,loss
Sample.1,chr12,37070000,41730000,234,-0.4441,4660000,loss
Sample.1,chr12,41750000,42070000,17,-1.2877,320000,loss
Sample.1,chr12,42090000,42290000,11,-0.2921,2e+05,neutral
Sample.1,chr12,42310000,43030000,37,-0.9482,720000,loss
Sample.1,chr12,43050000,51550000,426,-0.529,8500000,loss
Sample.1,chr12,51570000,51670000,6,0.3721,1e+05,neutral
Sample.1,chr12,51690000,51990000,16,-0.2625,3e+05,neutral
Sample.1,chr12,52010000,52304415.5,16,0.23,294415.5,neutral
Sample.1,chr13,10000,50000,3,-6.0621,40000,loss
Sample.1,chr13,70000,170000,6,-0.1199,1e+05,neutral
Sample.1,chr13,190000,650000,24,0.8518,460000,gain
Sample.1,chr13,670000,2610000,98,0.0259,1940000,neutral
Sample.1,chr13,2630000,2670000,3,0.9538,40000,gain
Sample.1,chr13,2690000,4170000,75,0.0204,1480000,neutral
Sample.1,chr13,4190000,10770000,330,0.9782,6580000,gain
Sample.1,chr13,10790000,11050000,14,1.8257,260000,gain
Sample.1,chr13,11070000,29770000,936,0.9485,18700000,gain
Sample.1,chr13,29790000,29830000,3,-1.0156,40000,loss
Sample.1,chr13,29850000,30030000,10,1.3379,180000,gain
Sample.1,chr13,30050000,30550000,26,-0.7383,5e+05,loss
Sample.1,chr13,30570000,30590000,2,1.005,20000,gain
Sample.1,chr13,30610000,31030000,22,2.4764,420000,gain
Sample.1,chr13,31050000,31590000,28,1.1271,540000,gain
Sample.1,chr13,31610000,31750000,8,-4.3369,140000,loss
Sample.1,chr13,31770000,53850000,1105,0.3737,22080000,neutral
Sample.1,chr13,53870000,53890000,2,-6.1728,20000,loss
Sample.1,chr13,53910000,71930000,902,0.5636,18020000,gain
Sample.1,chr13,71950000,72310000,19,-0.0629,360000,neutral
Sample.1,chr13,72330000,85850000,677,0.5801,13520000,gain
Sample.1,chr13,85870000,86030000,9,-0.5143,160000,loss
Sample.1,chr13,86050000,86970000,47,0.3479,920000,neutral
Sample.1,chr13,86990000,87070000,5,-0.3802,80000,neutral
Sample.1,chr13,87090000,109345143,1114,0.4249,22255143,gain
Sample.1,chr14,10000,650000,33,0.1663,640000,neutral
Sample.1,chr14,670000,750000,5,-5.5481,80000,loss
Sample.1,chr14,770000,1030000,14,-1.0097,260000,loss
Sample.1,chr14,1050000,4110000,154,-0.1522,3060000,neutral
Sample.1,chr14,4130000,4190000,4,-2.5891,60000,loss
Sample.1,chr14,4210000,20630000,822,-0.1168,16420000,neutral
Sample.1,chr14,20650000,20710000,4,1.5997,60000,gain
Sample.1,chr14,20730000,20890000,9,-0.0453,160000,neutral
Sample.1,chr14,20910000,21010000,6,-6.4793,1e+05,loss
Sample.1,chr14,21030000,29910000,445,0.0781,8880000,neutral
Sample.1,chr14,29930000,30050000,7,-1.0638,120000,loss
Sample.1,chr14,30070000,40910000,543,-0.0713,10840000,neutral
Sample.1,chr14,40930000,41170000,13,-0.5905,240000,loss
Sample.1,chr14,41190000,46690000,276,-0.0723,5500000,neutral
Sample.1,chr14,46710000,46850000,8,0.9977,140000,gain
Sample.1,chr14,46870000,46910000,3,-0.3502,40000,neutral
Sample.1,chr14,46930000,47150000,12,1.7747,220000,gain
Sample.1,chr14,47170000,48590000,72,-0.1589,1420000,neutral
Sample.1,chr14,48610000,48710000,6,-2.176,1e+05,loss
Sample.1,chr14,48730000,48870000,8,-0.1302,140000,neutral
Sample.1,chr14,48890000,49510000,32,1.3736,620000,gain
Sample.1,chr14,49530000,50570000,53,0.7645,1040000,gain
Sample.1,chr14,50590000,51410000,42,0.0688,820000,neutral
Sample.1,chr14,51430000,51450000,2,-1.642,20000,loss
Sample.1,chr14,51470000,66390000,747,0.0407,14920000,neutral
Sample.1,chr14,66410000,68810000,121,-0.9289,2400000,loss
Sample.1,chr14,68830000,77410000,430,0.0222,8580000,neutral
Sample.1,chr14,77430000,79950000,127,-0.4545,2520000,loss
Sample.1,chr14,79970000,80350000,20,0.0452,380000,neutral
Sample.1,chr14,80370000,80570000,11,-1.0341,2e+05,loss
Sample.1,chr14,80590000,109084928,1426,-0.0588,28494928,neutral
Sample.1,chr15,10000,2890000,145,-0.1335,2880000,neutral
Sample.1,chr15,2910000,3370000,24,-1.0481,460000,loss
Sample.1,chr15,3390000,4750000,69,-0.2708,1360000,neutral
Sample.1,chr15,4770000,4870000,6,0.4732,1e+05,gain
Sample.1,chr15,4890000,4970000,5,-5.9045,80000,loss
Sample.1,chr15,4990000,5970000,50,-0.3287,980000,neutral
Sample.1,chr15,5990000,6110000,7,-2.5911,120000,loss
Sample.1,chr15,6130000,6150000,2,-3.6316,20000,loss
Sample.1,chr15,6170000,6670000,26,-6.4071,5e+05,loss
Sample.1,chr15,6690000,6810000,7,-4.2262,120000,loss
Sample.1,chr15,6830000,7050000,12,-1.2431,220000,loss
Sample.1,chr15,7070000,7210000,8,1.4279,140000,gain
Sample.1,chr15,7230000,15630000,421,-0.1049,8400000,neutral
Sample.1,chr15,15650000,15910000,14,-6.4793,260000,loss
Sample.1,chr15,15930000,17110000,60,-0.1459,1180000,neutral
Sample.1,chr15,17130000,17290000,9,-1.1558,160000,loss
Sample.1,chr15,17310000,17930000,32,-0.0978,620000,neutral
Sample.1,chr15,17950000,18010000,4,-0.6579,60000,loss
Sample.1,chr15,18030000,18930000,46,-0.0012,9e+05,neutral
Sample.1,chr15,18950000,19550000,31,-0.5203,6e+05,loss
Sample.1,chr15,19570000,19810000,13,0.1404,240000,neutral
Sample.1,chr15,19830000,20490000,34,-1.4958,660000,loss
Sample.1,chr15,20510000,22550000,103,-0.0778,2040000,neutral
Sample.1,chr15,22570000,22850000,15,-0.6284,280000,loss
Sample.1,chr15,22870000,28050000,260,-0.1888,5180000,neutral
Sample.1,chr15,28070000,28650000,30,-4.7851,580000,loss
Sample.1,chr15,28670000,28830000,9,0.3911,160000,neutral
Sample.1,chr15,28850000,30310000,74,0.0384,1460000,neutral
Sample.1,chr15,30330000,30410000,5,0.9137,80000,gain
Sample.1,chr15,30430000,37510000,355,-0.0478,7080000,neutral
Sample.1,chr15,37530000,37690000,9,-6.1131,160000,loss
Sample.1,chr15,37710000,47430000,487,-0.0923,9720000,neutral
Sample.1,chr15,47450000,49970000,127,1.0034,2520000,gain
Sample.1,chr15,49990000,57850000,394,-0.0381,7860000,neutral
Sample.1,chr15,57870000,57990000,7,-0.6404,120000,loss
Sample.1,chr15,58010000,85950000,1398,0.0536,27940000,neutral
Sample.1,chr15,85970000,86010000,3,-0.58,40000,loss
Sample.1,chr15,86030000,95550000,477,0.0207,9520000,neutral
Sample.1,chr15,95570000,95590000,2,-1.6296,20000,loss
Sample.1,chr15,95610000,101030000,272,0.0342,5420000,neutral
Sample.1,chr15,101050000,101230000,10,-6.4793,180000,loss
Sample.1,chr15,101250000,107710000,324,-0.1252,6460000,neutral
Sample.1,chr15,107730000,108110000,20,0.3944,380000,neutral
Sample.1,chr15,108130000,108186084.5,4,-0.5335,56084.5,loss
Sample.1,chr16,10000,5130000,257,-0.0669,5120000,neutral
Sample.1,chr16,5150000,5250000,6,-0.6751,1e+05,loss
Sample.1,chr16,5270000,8270000,151,-0.104,3e+06,neutral
Sample.1,chr16,8290000,8630000,18,-0.6915,340000,loss
Sample.1,chr16,8650000,11110000,124,-0.1985,2460000,neutral
Sample.1,chr16,11130000,11190000,4,-2.0987,60000,loss
Sample.1,chr16,11210000,20330000,457,-0.1623,9120000,neutral
Sample.1,chr16,20350000,20470000,7,1.5382,120000,gain
Sample.1,chr16,20490000,20770000,15,-0.0279,280000,neutral
Sample.1,chr16,20790000,20830000,3,-3.0558,40000,loss
Sample.1,chr16,20850000,21330000,25,0.0079,480000,neutral
Sample.1,chr16,21350000,21530000,10,1.155,180000,gain
Sample.1,chr16,21550000,21850000,16,-0.1488,3e+05,neutral
Sample.1,chr16,21870000,22890000,52,-1.3509,1020000,loss
Sample.1,chr16,22910000,25210000,116,-0.3995,2300000,neutral
Sample.1,chr16,25230000,25250000,2,-5.9935,20000,loss
Sample.1,chr16,25270000,32690000,372,-0.0235,7420000,neutral
Sample.1,chr16,32710000,32990000,15,1.1302,280000,gain
Sample.1,chr16,33010000,33170000,9,-0.2346,160000,neutral
Sample.1,chr16,33190000,33230000,3,-3.7461,40000,loss
Sample.1,chr16,33250000,41230000,400,-0.029,7980000,neutral
Sample.1,chr16,41250000,41790000,28,-1.2062,540000,loss
Sample.1,chr16,41810000,41930000,7,-4.4383,120000,loss
Sample.1,chr16,41950000,42430000,25,0.0569,480000,neutral
Sample.1,chr16,42450000,42710000,14,-0.7711,260000,loss
Sample.1,chr16,42730000,43730000,51,0.0482,1e+06,neutral
Sample.1,chr16,43750000,50310000,329,-0.8799,6560000,loss
Sample.1,chr16,50330000,50570000,13,-4.752,240000,loss
Sample.1,chr16,50590000,51970000,70,-1.1942,1380000,loss
Sample.1,chr16,51990000,52290000,16,-1.6974,3e+05,loss
Sample.1,chr16,52310000,55610000,166,-1.0068,3300000,loss
Sample.1,chr16,55630000,55830000,11,-1.5097,2e+05,loss
Sample.1,chr16,55850000,57230000,70,-0.9179,1380000,loss
Sample.1,chr16,57250000,64790000,378,-0.0053,7540000,neutral
Sample.1,chr16,64810000,65030000,12,-0.556,220000,loss
Sample.1,chr16,65050000,73170000,407,-0.0386,8120000,neutral
Sample.1,chr16,73190000,73550000,19,-0.7647,360000,loss
Sample.1,chr16,73570000,74910000,68,-0.17,1340000,neutral
Sample.1,chr16,74930000,75150000,12,-0.7758,220000,loss
Sample.1,chr16,75170000,91441454,815,-0.1516,16271454,neutral
Sample.1,chr17,10000,11450000,573,-0.1793,11440000,neutral
Sample.1,chr17,11470000,11510000,3,-5.5965,40000,loss
Sample.1,chr17,11530000,11650000,7,-6e-04,120000,neutral
Sample.1,chr17,11670000,11750000,5,-3.1522,80000,loss
Sample.1,chr17,11770000,14730000,149,-0.404,2960000,loss
Sample.1,chr17,14750000,14770000,2,-4.8132,20000,loss
Sample.1,chr17,14790000,16030000,63,-0.1699,1240000,neutral
Sample.1,chr17,16050000,16150000,6,-0.9361,1e+05,loss
Sample.1,chr17,16170000,17490000,67,-0.1246,1320000,neutral
Sample.1,chr17,17510000,17630000,7,-0.6225,120000,loss
Sample.1,chr17,17650000,27350000,486,-0.1494,9700000,neutral
Sample.1,chr17,27370000,27590000,12,-0.6622,220000,loss
Sample.1,chr17,27610000,36030000,422,-0.0166,8420000,neutral
Sample.1,chr17,36050000,36190000,8,-6.4793,140000,loss
Sample.1,chr17,36210000,36410000,11,-1.284,2e+05,loss
Sample.1,chr17,36430000,38050000,82,0.1338,1620000,neutral
Sample.1,chr17,38070000,38090000,2,-1.6957,20000,loss
Sample.1,chr17,38110000,42370000,214,-0.0055,4260000,neutral
Sample.1,chr17,42390000,42830000,23,0.5934,440000,gain
Sample.1,chr17,42850000,43050000,11,-0.1928,2e+05,neutral
Sample.1,chr17,43070000,44050000,50,0.6823,980000,gain
Sample.1,chr17,44070000,44150000,5,1.9404,80000,gain
Sample.1,chr17,44170000,44710000,28,-0.1628,540000,neutral
Sample.1,chr17,44730000,46130000,71,1.1186,1400000,gain
Sample.1,chr17,46150000,46370000,12,1.9056,220000,gain
Sample.1,chr17,46390000,50270000,195,0.0119,3880000,neutral
Sample.1,chr17,50290000,50630000,18,0.8513,340000,gain
Sample.1,chr17,50650000,51970000,67,0.1191,1320000,neutral
Sample.1,chr17,51990000,52070000,5,-0.5121,80000,loss
Sample.1,chr17,52090000,52270000,10,0.0872,180000,neutral
Sample.1,chr17,52290000,52430000,8,-0.7364,140000,loss
Sample.1,chr17,52450000,70730000,915,-0.0057,18280000,neutral
Sample.1,chr17,70750000,70870000,7,0.9801,120000,gain
Sample.1,chr17,70890000,76350000,274,-0.119,5460000,neutral
Sample.1,chr17,76370000,76510000,8,-4.0593,140000,loss
Sample.1,chr17,76530000,76710000,10,-1.1642,180000,loss
Sample.1,chr17,76730000,81370000,233,-0.2039,4640000,neutral
Sample.1,chr17,81390000,81530000,8,-0.8577,140000,loss
Sample.1,chr17,81550000,90030000,425,-0.0296,8480000,neutral
Sample.1,chr17,90050000,90150000,6,-1.0559,1e+05,loss
Sample.1,chr17,90170000,90490000,17,-0.1339,320000,neutral
Sample.1,chr17,90510000,92510000,101,-3.2883,2e+06,loss
Sample.1,chr17,92530000,93507902,50,0.1013,977902,neutral
Sample.1,chr18,10000,2370000,119,0.0582,2360000,neutral
Sample.1,chr18,2390000,2790000,21,-1.2351,4e+05,loss
Sample.1,chr18,2810000,6390000,180,-0.1098,3580000,neutral
Sample.1,chr18,6410000,6710000,16,-0.6373,3e+05,loss
Sample.1,chr18,6730000,8090000,69,-0.0212,1360000,neutral
Sample.1,chr18,8110000,8230000,7,-1.6109,120000,loss
Sample.1,chr18,8250000,10790000,128,0.0812,2540000,neutral
Sample.1,chr18,10810000,10830000,2,-1.9554,20000,loss
Sample.1,chr18,10850000,17030000,310,-0.0425,6180000,neutral
Sample.1,chr18,17050000,17170000,7,-0.7693,120000,loss
Sample.1,chr18,17190000,24250000,354,0.031,7060000,neutral
Sample.1,chr18,24270000,24450000,10,-0.7023,180000,loss
Sample.1,chr18,24470000,26890000,122,-0.0527,2420000,neutral
Sample.1,chr18,26910000,26970000,4,-0.8072,60000,loss
Sample.1,chr18,26990000,30130000,158,-0.0042,3140000,neutral
Sample.1,chr18,30150000,30310000,9,-0.9091,160000,loss
Sample.1,chr18,30330000,31650000,67,-0.042,1320000,neutral
Sample.1,chr18,31670000,31710000,3,-0.6561,40000,loss
Sample.1,chr18,31730000,34230000,126,0.1232,2500000,neutral
Sample.1,chr18,34250000,34310000,4,-0.6076,60000,loss
Sample.1,chr18,34330000,37810000,175,0.1265,3480000,neutral
Sample.1,chr18,37830000,37970000,8,1.6377,140000,gain
Sample.1,chr18,37990000,38310000,17,0.4753,320000,gain
Sample.1,chr18,38330000,38570000,13,-2.1729,240000,loss
Sample.1,chr18,38590000,38810000,12,-0.6425,220000,loss
Sample.1,chr18,38830000,39110000,15,1.3736,280000,gain
Sample.1,chr18,39130000,39310000,10,0.0506,180000,neutral
Sample.1,chr18,39330000,39590000,14,1.1324,260000,gain
Sample.1,chr18,39610000,41430000,92,0.0137,1820000,neutral
Sample.1,chr18,41450000,41490000,3,-1.4201,40000,loss
Sample.1,chr18,41510000,45070000,179,-0.0062,3560000,neutral
Sample.1,chr18,45090000,45210000,7,-1.3812,120000,loss
Sample.1,chr18,45230000,52230000,351,0.1015,7e+06,neutral
Sample.1,chr18,52250000,52350000,6,-0.6442,1e+05,loss
Sample.1,chr18,52370000,55950000,180,0.0379,3580000,neutral
Sample.1,chr18,55970000,55990000,2,-3.5112,20000,loss
Sample.1,chr18,56010000,60270000,214,-0.1195,4260000,neutral
Sample.1,chr18,60290000,60930000,33,-1.1041,640000,loss
Sample.1,chr18,60950000,61030000,5,-0.145,80000,neutral
Sample.1,chr18,61050000,61170000,7,-1.5406,120000,loss
Sample.1,chr18,61190000,61250000,4,0.0359,60000,neutral
Sample.1,chr18,61270000,61450000,10,-0.8804,180000,loss
Sample.1,chr18,61470000,62910000,73,-0.1665,1440000,neutral
Sample.1,chr18,62930000,63130000,11,-1.2685,2e+05,loss
Sample.1,chr18,63150000,63210000,4,-2.2783,60000,loss
Sample.1,chr18,63230000,66050000,142,-1.0789,2820000,loss
Sample.1,chr18,66070000,66510000,23,0.0329,440000,neutral
Sample.1,chr18,66530000,66590000,4,-0.8227,60000,loss
Sample.1,chr18,66610000,69430000,142,0.0741,2820000,neutral
Sample.1,chr18,69450000,69550000,6,-1.1966,1e+05,loss
Sample.1,chr18,69570000,83910000,718,-0.1875,14340000,neutral
Sample.1,chr18,83930000,83950000,2,-1.0028,20000,loss
Sample.1,chr18,83970000,85230000,64,0.2102,1260000,neutral
Sample.1,chr18,85250000,86090000,43,0.6512,840000,gain
Sample.1,chr18,86110000,86127011,2,-0.2645,17011,neutral
Sample.1,chr19,10000,13810000,691,-0.0158,13800000,neutral
Sample.1,chr19,13830000,14010000,10,-5.0408,180000,loss
Sample.1,chr19,14030000,15930000,96,-2.1069,1900000,loss
Sample.1,chr19,15950000,16670000,37,-3.4942,720000,loss
Sample.1,chr19,16690000,17010000,17,0.7252,320000,gain
Sample.1,chr19,17030000,17090000,4,-1.0679,60000,loss
Sample.1,chr19,17110000,17570000,24,-2.6124,460000,loss
Sample.1,chr19,17590000,18530000,48,-0.8249,940000,loss
Sample.1,chr19,18550000,21930000,170,-2.4743,3380000,loss
Sample.1,chr19,21950000,22310000,19,-6.0209,360000,loss
Sample.1,chr19,22330000,28990000,334,-1.7897,6660000,loss
Sample.1,chr19,29010000,29170000,9,0.8688,160000,gain
Sample.1,chr19,29190000,29330000,8,-3.0905,140000,loss
Sample.1,chr19,29350000,29430000,5,0.1906,80000,neutral
Sample.1,chr19,29450000,29570000,7,-1.6577,120000,loss
Sample.1,chr19,29590000,29730000,8,-0.5478,140000,loss
Sample.1,chr19,29750000,29910000,9,-0.8359,160000,loss
Sample.1,chr19,29930000,31330000,71,-0.3394,1400000,neutral
Sample.1,chr19,31350000,31410000,4,-1.0298,60000,loss
Sample.1,chr19,31430000,32270000,43,-0.0971,840000,neutral
Sample.1,chr19,32290000,32350000,4,-0.7722,60000,loss
Sample.1,chr19,32370000,33810000,73,-0.0925,1440000,neutral
Sample.1,chr19,33830000,34010000,10,-0.8361,180000,loss
Sample.1,chr19,34030000,38610000,230,-0.2033,4580000,neutral
Sample.1,chr19,38630000,38930000,16,1.2267,3e+05,gain
Sample.1,chr19,38950000,39270000,17,-2.6784,320000,loss
Sample.1,chr19,39290000,39370000,5,1.0625,80000,gain
Sample.1,chr19,39390000,39550000,9,-5.7547,160000,loss
Sample.1,chr19,39570000,39850000,15,0.0584,280000,neutral
Sample.1,chr19,39870000,41470000,81,-0.4965,1600000,loss
Sample.1,chr19,41490000,45030000,178,-0.0254,3540000,neutral
Sample.1,chr19,45050000,45150000,6,0.5152,1e+05,gain
Sample.1,chr19,45170000,47150000,100,-0.1356,1980000,neutral
Sample.1,chr19,47170000,47210000,3,-0.8741,40000,loss
Sample.1,chr19,47230000,53370000,308,-0.0944,6140000,neutral
Sample.1,chr19,53390000,53750000,19,-0.7383,360000,loss
Sample.1,chr19,53770000,54990000,62,-0.1341,1220000,neutral
Sample.1,chr19,55010000,55070000,4,-0.9941,60000,loss
Sample.1,chr19,55090000,66490000,571,-0.4103,11400000,loss
Sample.1,chr19,66510000,67090000,30,-1.478,580000,loss
Sample.1,chr19,67110000,72590000,275,-0.4056,5480000,loss
Sample.1,chr19,72610000,74243122.5,83,0.0971,1633122.5,neutral
Sample.1,chr20,10000,310000,16,0.0087,3e+05,neutral
Sample.1,chr20,330000,370000,3,-4.8327,40000,loss
Sample.1,chr20,390000,1450000,54,0.0557,1060000,neutral
Sample.1,chr20,1470000,1770000,16,-0.4026,3e+05,loss
Sample.1,chr20,1790000,2150000,19,0.0848,360000,neutral
Sample.1,chr20,2170000,2290000,7,-1.0992,120000,loss
Sample.1,chr20,2310000,2530000,12,0.7128,220000,gain
Sample.1,chr20,2550000,5050000,126,-0.3659,2500000,neutral
Sample.1,chr20,5070000,5270000,11,-1.2387,2e+05,loss
Sample.1,chr20,5290000,25870000,1030,-0.2982,20580000,neutral
Sample.1,chr20,25890000,26290000,21,-5.1882,4e+05,loss
Sample.1,chr20,26310000,26350000,3,2.1043,40000,gain
Sample.1,chr20,26370000,37890000,577,-0.1422,11520000,neutral
Sample.1,chr20,37910000,38250000,18,-1.1297,340000,loss
Sample.1,chr20,38270000,39010000,38,-0.3132,740000,neutral
Sample.1,chr20,39030000,39050000,2,-3.9154,20000,loss
Sample.1,chr20,39070000,39290000,12,-0.1404,220000,neutral
Sample.1,chr20,39310000,39370000,4,-1.4741,60000,loss
Sample.1,chr20,39390000,46350000,349,-0.1087,6960000,neutral
Sample.1,chr20,46370000,46430000,4,-1.3271,60000,loss
Sample.1,chr20,46450000,54110000,384,-0.1886,7660000,neutral
Sample.1,chr20,54130000,54330000,11,-0.8206,2e+05,loss
Sample.1,chr20,54350000,56020574,85,0.1124,1670574,neutral
Sample.1,chrX,10000,490000,25,-0.0882,480000,neutral
Sample.1,chrX,510000,1290000,40,-4.5526,780000,loss
Sample.1,chrX,1310000,2210000,46,-2.9356,9e+05,loss
Sample.1,chrX,2230000,2450000,12,-5.6643,220000,loss
Sample.1,chrX,2470000,2750000,15,0.7622,280000,gain
Sample.1,chrX,2770000,4590000,92,-0.0611,1820000,neutral
Sample.1,chrX,4610000,4690000,5,-2.1971,80000,loss
Sample.1,chrX,4710000,16630000,597,-0.1155,11920000,neutral
Sample.1,chrX,16650000,16690000,3,-1.8716,40000,loss
Sample.1,chrX,16710000,16850000,8,-6.0913,140000,loss
Sample.1,chrX,16870000,19990000,157,-0.1599,3120000,neutral
Sample.1,chrX,20010000,20790000,40,-0.717,780000,loss
Sample.1,chrX,20810000,37070000,814,-0.1035,16260000,neutral
Sample.1,chrX,37090000,37290000,11,-1.3886,2e+05,loss
Sample.1,chrX,37310000,41510000,211,-0.0863,4200000,neutral
Sample.1,chrX,41530000,41750000,12,-0.5125,220000,loss
Sample.1,chrX,41770000,56810000,753,-0.0048,15040000,neutral
Sample.1,chrX,56830000,56870000,3,-1.3618,40000,loss
Sample.1,chrX,56890000,85810000,1447,-0.0364,28920000,neutral
Sample.1,chrX,85830000,85910000,5,-0.9586,80000,loss
Sample.1,chrX,85930000,98710000,640,0.0384,12780000,neutral
Sample.1,chrX,98730000,98750000,2,-0.8069,20000,loss
Sample.1,chrX,98770000,102910000,208,0.0035,4140000,neutral
Sample.1,chrX,102930000,103470000,28,-1.0416,540000,loss
Sample.1,chrX,103490000,109490000,301,-0.0281,6e+06,neutral
Sample.1,chrX,109510000,109530000,2,-1.654,20000,loss
Sample.1,chrX,109550000,111070000,77,-0.0301,1520000,neutral
Sample.1,chrX,111090000,111230000,8,-0.7389,140000,loss
Sample.1,chrX,111250000,125370000,707,-0.1141,14120000,neutral
Sample.1,chrX,125390000,125470000,5,-0.9341,80000,loss
Sample.1,chrX,125490000,135290000,491,-0.0306,9800000,neutral
Sample.1,chrX,135310000,135330000,2,-1.3565,20000,loss
Sample.1,chrX,135350000,137430000,105,0.0089,2080000,neutral
Sample.1,chrX,137450000,137530000,5,-0.8248,80000,loss
Sample.1,chrX,137550000,138210000,34,-0.0841,660000,neutral
Sample.1,chrX,138230000,138310000,5,-5.9317,80000,loss
Sample.1,chrX,138330000,138370000,3,-1.1472,40000,loss
Sample.1,chrX,138390000,139150000,39,-0.1517,760000,neutral
Sample.1,chrX,139170000,139210000,3,-2.1458,40000,loss
Sample.1,chrX,139230000,141210000,100,-0.2188,1980000,neutral
Sample.1,chrX,141230000,141290000,4,0.8486,60000,gain
Sample.1,chrX,141310000,143770000,124,-0.139,2460000,neutral
Sample.1,chrX,143790000,144150000,19,-1.0846,360000,loss
Sample.1,chrX,144170000,147290000,157,-0.1065,3120000,neutral
Sample.1,chrX,147310000,147350000,3,-2.8223,40000,loss
Sample.1,chrX,147370000,153850000,325,0.0206,6480000,neutral
Sample.1,chrX,153870000,153930000,4,-0.6245,60000,loss
Sample.1,chrX,153950000,154290000,18,-1.1408,340000,loss
Sample.1,chrX,154310000,154890000,30,0.5931,580000,gain
Sample.1,chrX,154910000,155010000,6,-0.098,1e+05,neutral
Sample.1,chrX,155030000,155970000,48,0.4879,940000,gain
Sample.1,chrX,155990000,156110000,7,-0.4023,120000,loss
Sample.1,chrX,156130000,157690000,79,0.5316,1560000,gain
Sample.1,chrX,157710000,157749061.5,3,-0.026,39061.5,neutral
Sample.1,chrY,10000,23970000,1199,-6.288,23960000,loss
Sample.1,chrY,23990000,24030000,3,-3.3314,40000,loss
Sample.1,chrY,24050000,24210000,9,-6.1463,160000,loss
Sample.1,chrY,24230000,24430000,11,-3.591,2e+05,loss
Sample.1,chrY,24450000,24770000,17,-5.8304,320000,loss
Sample.1,chrY,24790000,27010000,112,-3.9097,2220000,loss
Sample.1,chrY,27030000,27670000,33,-0.1805,640000,neutral
Sample.1,chrY,27690000,28250000,29,-3.2595,560000,loss
Sample.1,chrY,28270000,28510000,13,-0.5953,240000,loss
Sample.1,chrY,28530000,28690000,9,-3.7436,160000,loss
Sample.1,chrY,28710000,29490000,40,-5.9776,780000,loss
Sample.1,chrY,29510000,31910000,121,-3.8629,2400000,loss
Sample.1,chrY,31930000,35730000,191,-6.1723,3800000,loss
Sample.1,chrY,35750000,35950000,11,-2.457,2e+05,loss
Sample.1,chrY,35970000,36370000,21,-5.6869,4e+05,loss
Sample.1,chrY,36390000,36430000,3,-0.3023,40000,neutral
Sample.1,chrY,36450000,38830000,120,-6.0447,2380000,loss
Sample.1,chrY,38850000,39810000,49,-4.1484,960000,loss
Sample.1,chrY,39830000,57670000,893,-6.2,17840000,loss
Sample.1,chrY,57690000,57970000,15,0.2431,280000,neutral
Sample.1,chrY,57990000,58270000,15,-6.1571,280000,loss
Sample.1,chrY,58290000,58670000,20,1.0702,380000,gain
Sample.1,chrY,58690000,58910000,12,-0.4244,220000,loss
Sample.1,chrY,58930000,59550000,32,-2.8849,620000,loss
Sample.1,chrY,59570000,59843042,15,-0.9024,273042,loss
