chr	win	n_bins	med_log2r	mean_nT	mean_nN	med_nT	med_nN	n_zeroN	n_zeroT	pb_med	u_tandup	u_trf	u_sat	u_rrna	mb	rep_frac	has_gap
chr10	0	25	-2.13970809579371	0.375180055401662	1.64296977660972	0.327562326869806	1.41392904073587	0	0	1.79460126674188	463505	5e+05	0	0	0	1	FALSE
chr10	1	25	-1.03683882602886	0.830775623268698	1.77363994743758	0.763850415512465	1.66360052562418	0	0	1.10964466438042	344513	75587	426	13882	0.5	0.17979	FALSE
chr10	2	25	0.62805055758743	1.66285318559557	1.13566360052562	1.63365650969529	1.11038107752957	0	0	0.915131645088862	344023	17308	851	0	1	0.036318	FALSE
chr10	3	25	0.312131963106453	1.70313019390582	1.30622864651774	1.62049861495845	1.31800262812089	0	0	0.911691111582757	302148	15844	978	120	1.5	0.033884	FALSE
chr10	4	25	0.189814320048694	1.45559556786704	1.46507227332457	1.41412742382271	1.080814717477	0	0	0.870851532042761	372358	20188	198	122	2	0.041016	FALSE
chr10	5	25	-0.0797280187408801	1.21952908587258	1.20725361366623	0.950831024930748	1.08409986859396	0	0	1.08882273433049	309306	15646	0	121	2.5	0.031534	FALSE
chr10	6	25	-0.0887557336079969	1.16797783933518	1.34946123521682	0.986842105263158	0.959264126149803	0	0	0.867718189028273	301305	21545	424	0	3	0.043938	FALSE
chr10	7	25	0.128991342159977	0.933379501385042	0.884021024967148	0.939750692520776	0.769382391590013	0	0	1.057115090314	155830	15338	213	232	3.5	0.031566	FALSE
chr10	8	25	0.0239997340715838	2.30734072022161	2.36956636005256	2.34487534626039	2.23258869908016	0	0	0.882580623540845	186462	27826	425	0	4	0.056502	FALSE
chr10	9	25	0.615595943651236	2.44506925207756	1.73742444152431	2.58725761772853	1.67739816031537	0	0	0.89279610370751	346341	26040	1222	0	4.5	0.054524	FALSE
chr10	10	25	0.149661671288429	3.49058171745152	3.40617608409987	3.68074792243767	3.20630749014455	0	0	0.798013873839658	324462	25270	857	0	5	0.052254	FALSE
chr10	11	25	0.369806052759006	2.88049861495845	2.36315374507227	3.02908587257618	2.11103810775296	0	0	0.812580288423945	305505	25326	634	0	5.5	0.05192	FALSE
chr10	12	25	0.227380592357636	2.04800554016621	1.74168199737188	2.06509695290859	1.77529566360053	0	0	0.81716580467153	342231	29984	424	0	6	0.060816	FALSE
chr10	13	25	0.562710096245519	1.53667590027701	1.08720105124836	1.5685595567867	1.02759526938239	0	0	0.887199651478424	252097	20089	200	0	6.5	0.040578	FALSE
chr10	14	25	0.453511576225533	2.17634349030471	1.75986859395532	2.34072022160665	1.59855453350854	0	0	0.703779001575049	354661	23640	959	121	7	0.04944	FALSE
chr10	15	25	0.335964927693292	1.96939058171745	1.76013140604468	1.74445983379501	1.54270696452037	0	0	0.786033444666615	334853	24236	422	125	7.5	0.049566	FALSE
chr10	16	25	0.151846469849673	0.899030470914127	0.781314060446781	0.911357340720222	0.66688567674113	0	0	0.803079724310497	235335	19351	638	0	8	0.039978	FALSE
chr10	17	25	0.290517616778455	0.893961218836565	0.746911957950066	0.907894736842105	0.695795006570302	0	0	0.900470280716257	297145	16142	424	117	8.5	0.033366	FALSE
chr10	18	25	0.17715518567096	0.816703601108033	0.735505913272011	0.799168975069252	0.634691195795007	0	0	0.937383407245227	281769	19713	0	0	9	0.039426	FALSE
chr10	19	25	0.331415172333	1.13340720221607	0.882759526938239	1.14681440443213	0.777266754270697	0	0	0.789529830989377	337880	22462	638	0	9.5	0.0462	FALSE
chr10	20	25	0.907426212315561	1.78135734072022	1.13285151116951	1.77008310249307	0.986202365308804	0	0	0.777231040761386	341305	23494	636	0	10	0.04826	FALSE
chr10	21	25	0.194525122341875	3.05675900277008	2.94162943495401	3.12257617728532	2.74704336399474	0	0	0.840797131399337	303570	25983	846	126	10.5	0.05391	FALSE
chr10	22	25	0.167747307014084	2.91418282548477	2.95650459921156	2.83864265927978	2.13272010512484	0	0	0.789412540074396	363910	16148	1911	0	11	0.036118	FALSE
chr10	23	25	0.111757665972943	2.28415512465374	2.15952693823916	2.63227146814404	2.24375821287779	0	0	0.742725170630355	359707	19655	2121	0	11.5	0.043552	FALSE
chr10	24	25	-0.0481508630932083	1.72592797783934	1.74680683311432	1.91551246537396	1.60775295663601	0	0	0.847220205314954	366957	16280	426	0	12	0.033412	FALSE
chr10	25	25	-0.615670130980486	0.924349030470914	1.36028909329829	0.921052631578947	1.41130091984231	0	0	1.03189195831146	435373	12357	425	0	12.5	0.025564	FALSE
chr10	26	25	-0.21360900057861	2.91027700831025	3.49127463863338	3.14750692520776	3.28712220762155	0	0	0.77648819829984	424475	19242	213	0	13	0.03891	FALSE
chr10	27	25	0.109101718598705	3.01470914127424	3.16735873850197	2.93836565096953	3.19776609724047	0	0	0.837814590989824	384279	19370	1275	0	13.5	0.04129	FALSE
chr10	28	25	-0.120010961113571	3.31927977839335	4.48189224704336	3.56232686980609	4.44480946123522	0	0	0.859854112442891	346073	15685	1664	0	14	0.034698	FALSE
chr10	29	25	0.00329015348478486	3.54529085872576	4.38628120893561	3.76731301939058	3.29303547963206	0	0	0.775343215558361	281758	14165	1700	0	14.5	0.03173	FALSE
chr10	30	25	-0.361089792459834	3.91972299168975	5.66890932982917	3.87603878116344	4.96057818659658	0	0	0.797114643491471	211824	16305	1437	0	15	0.035484	FALSE
chr10	31	25	0.184849087689405	2.92939058171745	2.94170827858081	3.06163434903047	2.26478318002628	0	0	0.900118407971314	462688	16001	3471	0	15.5	0.038944	FALSE
chr10	32	25	0.603005731871905	2.77371191135734	1.98833114323259	2.96191135734072	1.94086727989488	0	0	0.853805252398878	220558	22087	1441	0	16	0.047056	FALSE
chr10	33	25	0.372276560713397	2.71770083102493	2.38862023653088	3.04570637119114	2.15900131406045	0	0	0.80732453837647	323420	23360	1433	0	16.5	0.049586	FALSE
chr10	34	25	0.0945132947837216	3.59689750692521	3.68304862023653	3.73337950138504	3.43495400788436	0	0	0.83749064465321	233972	22326	845	0	17	0.046342	FALSE
chr10	35	25	0.338809713515257	2.61745152354571	2.44331143232589	2.78185595567867	1.99868593955322	0	0	0.73602283263145	327893	21123	856	0	17.5	0.043958	FALSE
chr10	36	25	0.295182789194297	2.13448753462604	2.03858081471748	2.36703601108033	1.78120893561104	0	0	0.708196959372661	262240	20040	639	121	18	0.0416	FALSE
chr10	37	25	0.332142856787529	2.04800554016621	1.64985545335085	2.34695290858726	1.40670170827858	0	0	0.809379922029468	307321	23369	846	0	18.5	0.04843	FALSE
chr10	38	25	0.809036431242068	2.18675900277008	1.32412614980289	2.19113573407202	1.15703022339028	0	0	0.805660124440076	175380	21098	638	0	19	0.043472	FALSE
chr10	39	25	0.3359043297526	1.56288088642659	1.19011826544021	1.51939058171745	1.15834428383706	0	0	0.855882977178539	252761	20868	430	0	19.5	0.042596	FALSE
chr10	40	25	0.752045671542749	2.24349030470914	1.44354796320631	2.33448753462604	1.43101182654402	0	0	0.751192457635639	310076	19440	212	0	20	0.039304	FALSE
chr10	41	25	0.324621790458559	2.72678670360111	2.2642049934297	2.91551246537396	2.09264126149803	0	0	0.795992001876655	245093	17999	851	0	20.5	0.0377	FALSE
chr10	42	25	0.591420139145375	1.80041551246537	1.24901445466491	1.78254847645429	1.19776609724047	0	0	0.826543492588331	165228	20963	0	120	21	0.042166	FALSE
chr10	43	25	0.141986807074147	0.730249307479224	0.678318002628121	0.663434903047091	0.599868593955322	0	0	0.935847454787145	290237	19121	210	0	21.5	0.038662	FALSE
chr10	44	25	-0.220077782594521	0.487534626038781	0.543994743758213	0.505540166204986	0.512483574244415	0	0	1.00576959596072	161312	14309	0	0	22	0.028618	FALSE
chr10	45	25	-0.601485815545527	0.391440443213296	0.621997371879106	0.3898891966759	0.550591327201051	0	0	0.952620055629405	256634	13440	424	0	22.5	0.027728	FALSE
chr10	46	25	-0.552383921784732	0.368808864265928	0.500183968462549	0.35803324099723	0.471090670170828	0	0	1.03318215837625	152133	13352	217	0	23	0.027138	FALSE
chr10	47	25	-0.88284869862658	0.35387811634349	0.607043363994744	0.332409972299169	0.574901445466491	0	0	1.04372717016119	262638	12605	0	0	23.5	0.02521	FALSE
chr10	48	25	-0.905459977009727	0.376786703601108	0.688147174770039	0.369113573407202	0.66622864651774	0	0	1.01657711598396	230846	11767	213	0	24	0.02396	FALSE
chr10	49	25	-0.548324314552009	0.420498614958449	0.618291721419185	0.400969529085873	0.569645203679369	0	0	1.05008880597849	181326	13741	637	0	24.5	0.028756	FALSE
chr10	50	25	-0.243922815308997	0.556537396121884	0.782759526938239	0.512465373961219	0.567017082785808	0	0	1.0669507713274	297544	14257	0	0	25	0.028514	FALSE
chr10	51	25	0.0624771008540529	0.798670360110803	0.86880420499343	0.666897506925208	0.766754270696452	0	0	0.998983478736833	329389	16313	586	0	25.5	0.033798	FALSE
chr10	52	25	-0.547264744120712	0.450138504155125	0.733455978975033	0.485457063711911	0.651773981603154	0	0	1.10189229342836	256175	9538	213	0	26	0.019502	FALSE
chr10	53	25	-0.696580880852546	0.380526315789474	0.627989487516426	0.358725761772853	0.528252299605782	0	0	1.053037834698	210332	11000	427	120	26.5	0.023094	FALSE
chr10	54	25	-0.584926898620091	0.427562326869806	0.690065703022339	0.416897506925208	0.586070959264126	0	0	0.949503468459914	184957	12283	213	0	27	0.024992	FALSE
chr10	55	25	-0.561033791540298	0.424930747922438	0.612483574244415	0.422437673130194	0.526938239159001	0	0	1.02110677941489	225736	13187	639	0	27.5	0.027652	FALSE
chr10	56	25	0.349469028937335	1.25952908587258	1.02601839684625	1.15443213296399	0.911957950065703	0	0	0.775974352386591	269719	16313	851	0	28	0.034328	FALSE
chr10	57	25	0.824821675090636	1.90304709141274	1.18388961892247	1.72991689750693	0.987516425755585	0	0	0.788284313177914	296937	18383	637	0	28.5	0.03804	FALSE
chr10	58	25	0.7381044545777	1.36060941828255	0.84323258869908	1.34903047091413	0.757555847568988	0	0	0.884407010645547	270006	19357	204	122	29	0.039366	FALSE
chr10	59	25	0.70077273122233	1.55332409972299	1.12178712220762	1.50484764542936	0.802233902759527	0	0	0.937824644496822	321602	21650	0	0	29.5	0.0433	FALSE
chr10	60	25	0.462833428015552	0.876204986149585	0.707647831800263	0.89404432132964	0.638633377135348	0	0	1.02163738117313	297840	14838	0	0	30	0.029676	FALSE
chr10	61	25	0.663130290962358	1.66875346260388	1.16586070959264	1.64542936288089	1.06438896189225	0	0	0.961344265591314	408060	19295	1693	0	30.5	0.041976	FALSE
chr10	62	25	0.47045880939405	2.19847645429363	1.56667542706965	2.29847645429363	1.38699080157687	0	0	0.787049965929782	321145	21609	428	0	31	0.044074	FALSE
chr10	63	25	0.13442369322283	0.9102216066482	0.873455978975033	0.888504155124654	0.825229960578187	0	0	0.942711765954357	307821	15148	213	0	31.5	0.030722	FALSE
chr10	64	25	0.0572015229064697	0.504487534626039	0.54407358738502	0.515235457063712	0.497371879106439	0	0	0.949179522123301	240174	12347	213	0	32	0.02512	FALSE
chr10	65	25	-0.0684092192704206	0.524570637119114	0.647201051248357	0.489612188365651	0.521024967148489	0	0	1.01504116352588	169220	11483	0	5036	32.5	0.033038	FALSE
chr10	66	25	-0.143645317242502	0.719612188365651	0.803101182654402	0.706371191135734	0.734559789750328	0	0	0.938204443650093	291167	12655	426	0	33	0.026162	FALSE
chr10	67	25	0.295806393439797	1.4815512465374	1.1996320630749	1.26592797783934	1.04533508541393	0	0	0.904184493023983	289861	13804	1062	0	33.5	0.029732	FALSE
chr10	68	25	-0.0631511001133571	1.26216066481994	1.44378449408673	0.829639889196676	0.900788436268068	0	0	1.05968990516192	331968	13442	214	0	34	0.027312	FALSE
chr10	69	25	0.446854047431102	2.24346260387812	1.79429697766097	2.31232686980609	1.41458607095926	0	0	0.961444800661297	378217	17747	2079	0	34.5	0.039652	FALSE
chr10	70	25	0.291810266236408	2.71113573407202	2.38622864651774	2.74376731301939	2.13074901445466	0	0	0.807346879503133	367440	20668	1062	0	35	0.04346	FALSE
chr10	71	25	0.479651983054856	2.07440443213296	1.66220762155059	1.98337950138504	1.20565045992116	0	0	0.935093441762268	284825	17961	845	122	35.5	0.037856	FALSE
chr10	72	25	0.259044506622413	2.86509695290859	2.54044678055191	3.09972299168975	2.55321944809461	0	0	0.800828855799198	311511	20885	1702	0	36	0.045174	FALSE
chr10	73	25	0.549750074558258	2.65116343490305	2.16636005256242	2.71468144044321	1.78580814717477	0	0	0.86577451100859	385822	17457	1696	0	36.5	0.038306	FALSE
chr10	74	25	0.634751351006827	2.7487811634349	1.83061760840999	2.70706371191136	1.66819973718791	0	0	0.79077534880084	339068	24154	849	0	37	0.050006	FALSE
chr10	75	25	0.522222344942388	2.62675900277008	1.933061760841	2.64819944598338	2.03745072273325	0	0	0.814345237430324	324885	20265	1248	0	37.5	0.043026	FALSE
chr10	76	25	0.394662010441967	2.50030470914127	1.98641261498029	2.60941828254848	1.72141918528252	0	0	0.845756861518526	431010	18986	2490	0	38	0.042952	FALSE
chr10	77	25	0.578780523253416	2.59191135734072	1.93427069645204	2.60180055401662	1.55059132720105	0	0	0.905184258442153	291701	20362	423	0	38.5	0.04157	FALSE
chr10	78	25	0.507373255312365	1.12069252077562	0.905519053876478	0.835872576177285	0.766754270696452	0	0	1.08553300342936	344321	14049	1695	0	39	0.031488	FALSE
chr10	79	25	0.52004904107718	3.17540166204986	2.32770039421813	3.18698060941828	2.17739816031537	0	0	0.765429340601647	372924	19238	1274	122	39.5	0.041268	FALSE
chr10	80	25	0.508906635991762	1.89285318559557	1.39356110381078	1.55401662049862	1.22601839684625	0	0	0.790864713307492	356551	18743	1073	0	40	0.039632	FALSE
chr10	81	25	0.45640270993579	1.09673130193906	0.818186596583443	0.984764542936288	0.840998685939553	0	0	0.863166184470683	313191	19459	851	0	40.5	0.04062	FALSE
chr10	82	25	0.102337483818547	0.635013850415513	0.655847568988173	0.619113573407202	0.553219448094612	0	0	0.969554629639973	299819	12120	212	0	41	0.024664	FALSE
chr10	83	25	0.749302995891877	1.41213296398892	0.932378449408673	1.45152354570637	0.777923784494087	0	0	1.05554562616593	279474	20150	0	122	41.5	0.040544	FALSE
chr10	84	25	0.507827833430568	2.78634349030471	2.15250985545335	3.05609418282549	1.93955321944809	0	0	0.762201047798841	321400	21995	1008	122	42	0.04625	FALSE
chr10	85	25	0.538966566518557	2.64819944598338	1.95432325886991	2.71052631578947	1.75886990801577	0	0	0.603567877928084	464152	22711	1432	121	42.5	0.048528	FALSE
chr10	86	25	0.219054511739655	1.31423822714681	1.19587385019711	1.10803324099723	1.09132720105125	0	0	0.898381385373264	334416	16794	499	0	43	0.034586	FALSE
chr10	87	25	-0.253802089728131	0.96	1.14943495400788	0.909279778393352	1.22601839684625	0	0	1.05440064342445	329163	11809	0	0	43.5	0.023618	FALSE
chr10	88	25	-0.0626400559865709	2.62293628808864	3.31629434954008	2.4909972299169	2.53416557161629	0	0	0.811524670189118	305380	19763	613	0	44	0.040752	FALSE
chr10	89	25	0.220807786337418	2.74457063711911	2.37453350854139	2.86288088642659	2.29172141918528	0	0	0.847577663341562	306437	18129	369	0	44.5	0.036996	FALSE
chr10	90	25	0.579069364350967	3.14894736842105	2.70462549277267	3.22299168975069	2.13272010512484	0	0	0.871745177109282	283358	11745	1598	123	45	0.026932	FALSE
chr10	91	25	0.464533667972302	2.90171745152355	2.72515111695138	2.95360110803324	1.72798948751643	0	0	0.948771796561701	376973	12511	2486	0	45.5	0.029994	FALSE
chr10	92	25	0.400740176128537	2.78526315789474	2.14583442838371	2.70637119113573	1.97766097240473	0	0	0.904765362317222	301859	19205	1915	0	46	0.04224	FALSE
chr10	93	25	0.378331695227694	2.54725761772853	2.35511169513798	2.5983379501385	1.70893561103811	0	0	0.82024329486936	365681	16813	1279	243	46.5	0.03667	FALSE
chr10	94	25	0.813676913590891	1.66401662049862	1.09227332457293	1.50346260387812	0.918528252299606	0	0	1.04152656918488	328929	14328	1854	0	47	0.032364	FALSE
chr10	95	25	0.408898577174488	1.78963988919668	1.38189224704336	1.71191135734072	1.40078843626807	0	0	0.956552093922097	415185	17889	2759	0	47.5	0.041296	FALSE
chr10	96	25	0.98609266873459	1.82531855955679	1.06057818659658	1.95567867036011	1.04336399474376	0	0	0.883066543045766	226392	22099	0	366	48	0.04493	FALSE
chr10	97	25	0.744372725727477	1.41371191135734	0.945676741130092	1.41828254847645	0.775952693823916	0	0	0.893449581662403	196076	17083	213	0	48.5	0.034592	FALSE
chr10	98	25	0.847267300799075	1.72423822714681	1.14806833114323	1.51939058171745	0.835742444152431	0	0	0.901146099797813	228644	14058	634	0	49	0.029384	FALSE
chr10	99	25	0.627453240252185	1.09925207756233	0.836136662286465	1.09418282548476	0.709592641261498	0	0	0.868371666983166	244306	16820	213	0	49.5	0.034066	FALSE
chr10	100	25	0.514859654233486	1.65930747922438	1.17103810775296	1.47091412742382	1.19908015768725	0	0	0.950089923034819	197786	15914	213	0	50	0.032254	FALSE
chr10	101	25	0.327721473039389	1.17396121883657	1.10833114323259	1.07063711911357	0.853482260183968	0	0	1.01274561276125	225499	18279	428	0	50.5	0.037414	FALSE
chr10	102	25	0.624225115708878	1.01703601108033	0.773140604467806	1.02285318559557	0.668856767411301	0	0	0.967733827816937	201171	12320	0	0	51	0.02464	FALSE
chr10	103	25	0.196264620001494	0.876038781163435	0.757739816031537	0.82202216066482	0.641261498028909	0	0	0.949888852894851	148637	15343	212	0	51.5	0.03111	FALSE
chr10	104	25	0.255447036947087	1.5506648199446	1.32591327201051	1.3601108033241	1.25295663600526	0	0	0.891142860334447	229459	14901	421	0	52	0.030644	FALSE
chr10	105	25	0.660515346146766	2.22554016620499	1.41668856767411	2.22160664819945	1.20630749014455	0	0	0.788770232682834	225347	20003	638	1872	52.5	0.045026	FALSE
chr10	106	25	0.494817187373669	2.30795013850416	1.74562417871222	2.13781163434903	1.4796320630749	0	0	0.848063582846483	250908	19395	637	0	53	0.040064	FALSE
chr10	107	25	0.562180665746507	2.42540166204986	1.85495400788436	2.46329639889197	1.57621550591327	0	0	0.815886775170072	349023	19107	1064	123	53.5	0.040588	FALSE
chr10	108	25	0.0532624150150319	2.71916897506925	2.6246517739816	2.7590027700831	2.43626806833114	0	0	0.840512282034383	378066	14687	1060	5036	54	0.041566	FALSE
chr10	109	25	0.087038174221575	3.02515235457064	3.20932982917214	3.07202216066482	2.87385019710907	0	0	0.784296422068565	377312	19356	2068	5035	54.5	0.052918	FALSE
chr10	110	25	-0.131101300596953	3.0012188365651	3.19697766097241	2.93559556786704	3.13272010512484	0	0	0.736145708828096	403847	18757	2064	0	55	0.041642	FALSE
chr10	111	25	0.243189528914452	2.87891966759003	2.57687253613666	2.86080332409972	2.34559789750329	0	0	0.816395035801656	409737	24157	1504	0	55.5	0.051322	FALSE
chr10	112	25	0.568178114827679	1.45576177285319	1.1099605781866	1.3601108033241	1.07752956636005	0	0	1.04684375733068	307137	14818	1276	0	56	0.032188	FALSE
chr10	113	25	0.868698300087892	1.89808864265928	1.23524310118265	1.84972299168975	0.965834428383706	0	0	0.89638743981859	195178	16971	425	0	56.5	0.034792	FALSE
chr10	114	25	0.460751732256561	2.75149584487535	2.0684099868594	2.63711911357341	1.93823915900131	0	0	0.737826878609488	242622	20422	850	122	57	0.042788	FALSE
chr10	115	25	0.106074308536785	1.99875346260388	1.80134034165572	1.89058171745152	1.06438896189225	0	0	0.993688631717698	300551	14175	421	0	57.5	0.029192	FALSE
chr10	116	25	0.310705734552681	2.58554016620499	2.38176084099869	2.70983379501385	1.68462549277267	0	0	0.929954982629774	294883	13754	424	0	58	0.028356	FALSE
chr10	117	25	-0.865436806440721	0.688310249307479	1.05319316688568	0.702908587257618	1.05584756898817	0	0	1.07794819092727	370105	8987	212	0	58.5	0.018398	FALSE
chr10	118	25	-0.876176288014806	0.575263157894737	1.11337713534823	0.527008310249308	0.862023653088042	0	0	1.1381575272841	314813	8429	0	0	59	0.016858	FALSE
chr10	119	25	0.252335925017361	2.01634349030471	1.726938239159	2.52700831024931	1.7365308804205	0	0	0.804911696696865	246370	14576	217	0	59.5	0.029586	FALSE
chr10	120	25	0.356172472539	1.67540166204986	1.51784494086728	1.20360110803324	0.942181340341656	0	0	1.00946146714179	424363	13696	2490	0	60	0.032372	FALSE
chr10	121	25	0.217569088131246	3.08562326869806	3.00262812089356	3.29916897506925	2.76281208935611	0	0	0.829475765462852	491848	18142	1858	0	60.5	0.04	FALSE
chr10	122	25	0.364323482363044	2.83193905817175	2.61894875164258	3.06232686980609	2.32720105124836	0	0	0.726712168094637	384453	27745	1488	0	61	0.058466	FALSE
chr10	123	25	0.570822887937247	2.81869806094183	1.96625492772668	2.79293628808864	1.88961892247043	0	0	0.884501960433865	315783	16009	1003	0	61.5	0.034024	FALSE
chr10	124	25	0.70954961025212	1.99590027700831	1.47455978975033	1.86426592797784	1.00197109067017	0	0	0.901983892047676	361061	18878	1729	0	62	0.041214	FALSE
chr10	125	25	-0.273533993309209	1.18351800554017	1.59377135348226	0.75415512465374	0.816688567674113	0	0	1.07446297516784	375759	14988	4024	0	62.5	0.038024	FALSE
chr10	126	25	0.161543542253134	2.63714681440443	2.92070959264126	2.56301939058172	2.1826544021025	0	0	0.843802012935512	389678	41922	2649	0	63	0.089142	FALSE
chr10	127	25	0.277310706194303	2.78703601108033	2.51337713534823	2.80747922437673	2.22404730617608	0	0	0.891567341741044	440329	14650	1067	0	63.5	0.031434	FALSE
chr10	128	25	0.61636819809151	2.52831024930748	2.00593955321945	2.70360110803324	1.56964520367937	0	0	0.91648886853364	358085	17178	849	0	64	0.036054	FALSE
chr10	129	25	0.331097075793173	2.21013850415513	1.73448094612352	2.39058171745152	1.5335085413929	0	0	0.952095039152825	393362	21076	1997	0	64.5	0.046146	FALSE
chr10	130	25	0.177601984414578	2.71537396121884	2.39479632063075	2.90512465373961	2.1353482260184	0	0	0.741814769718837	387891	24750	1225	0	65	0.05195	FALSE
chr10	131	25	0.443241990651673	1.88808864265928	1.70367936925099	1.80609418282548	1.1622864651774	0	0	0.854710068028731	472497	20660	2777	0	65.5	0.046874	FALSE
chr10	132	25	0.67691996823363	1.99562326869806	1.32770039421813	1.90858725761773	1.28909329829172	0	0	0.989253918075088	332871	20536	589	0	66	0.04225	FALSE
chr10	133	25	1.0324069069495	1.83689750692521	1.1137976346912	1.82756232686981	0.85742444152431	0	0	0.815685705030105	230649	19659	211	0	66.5	0.03974	FALSE
chr10	134	25	1.00948207545053	1.68872576177285	0.883416557161629	1.61288088642659	0.771353482260184	0	0	0.812658482367266	241594	16903	426	0	67	0.034658	FALSE
chr10	135	25	0.77963211671214	2.35506925207756	1.62220762155059	2.64542936288089	1.3042049934297	0	0	0.834921415086963	259036	17151	633	0	67.5	0.035568	FALSE
chr10	136	25	0.57107385240087	2.50484764542936	1.86289093298292	2.48753462603878	1.95335085413929	0	0	0.809642430267758	347970	21664	847	0	68	0.045022	FALSE
chr10	137	25	0.610729628429933	1.7891135734072	1.40943495400788	1.51315789473684	0.906701708278581	0	0	1.07069849532512	339873	12895	422	0	68.5	0.026634	FALSE
chr10	138	25	0.66171504775715	1.99642659279778	1.36336399474376	1.97853185595568	1.20827858081472	0	0	0.851470604662593	352580	17672	856	120	69	0.037296	FALSE
chr10	139	25	0.389680925118005	1.68473684210526	1.39122207621551	1.27354570637119	1.07621550591327	0	0	0.967409881480323	270317	16366	1046	0	69.5	0.034824	FALSE
chr10	140	25	0.247298952561647	2.13814404432133	1.7377135348226	2.75415512465374	1.71287779237845	0	0	0.887908982249975	378675	16620	1056	0	70	0.035352	FALSE
chr10	141	25	0.570502373213537	1.33722991689751	0.951458607095926	1.32271468144044	0.890275952693824	0	0	1.07736732163403	342017	15448	1056	0	70.5	0.033008	FALSE
chr10	142	25	0.732697436992377	2.16116343490305	1.67718791064389	2.11565096952909	1.18396846254928	0	0	0.917706459936775	217988	15624	852	0	71	0.032952	FALSE
chr10	143	25	0.356566204916842	1.34387811634349	1.00189224704336	1.06094182825485	0.959921156373193	0	0	1.03497503379095	461650	17640	1456	124	71.5	0.03844	FALSE
chr10	144	25	0.370483862690968	1.67326869806094	1.27634691195795	1.59764542936288	1.11563731931669	0	0	0.891422124417735	394883	17033	1684	0	72	0.037434	FALSE
chr10	145	25	0.501281422923196	1.56349030470914	1.16417871222076	1.35387811634349	0.988173455978975	0	0	1.10308195842316	361339	17072	2022	0	72.5	0.038188	FALSE
chr10	146	25	0.280871899816374	2.91587257617729	2.68932982917214	3.06925207756233	2.31143232588699	0	0	0.817171389953195	425879	22067	1276	0	73	0.046686	FALSE
chr10	147	25	0.793626991919664	3.2002216066482	1.93584756898817	3.16204986149584	1.78580814717477	0	0	0.949782732543202	309091	13878	858	124	73.5	0.02972	FALSE
chr10	148	25	0.773149477723056	2.69376731301939	1.71818659658344	2.65720221606648	1.63403416557162	0	0	0.71473732420326	484428	22679	2920	0	74	0.051198	FALSE
chr10	149	25	0.592335459527208	1.73254847645429	1.23989487516426	1.60180055401662	1.2838370565046	0	0	0.900593156912903	412991	23957	832	0	74.5	0.049578	FALSE
chr10	150	25	0.704377490752065	1.25861495844875	0.91030223390276	1.21191135734072	0.683968462549277	0	0	0.907429541671786	274176	20747	425	111	75	0.042566	FALSE
chr10	151	25	0.512719531787313	1.57462603878116	1.57137976346912	1.58587257617729	1.04599211563732	0	0	0.760145664145843	217843	34046	424	0	75.5	0.06894	FALSE
chr10	152	25	-0.0265853409848768	0.671412742382271	0.680946123521682	0.602493074792244	0.649145860709593	0	0	1.05394265032786	186217	12873	210	122	76	0.02641	FALSE
chr10	153	25	-0.72360256789602	0.556454293628809	1.15768725361367	0.526315789473684	0.872536136662286	0	0	0.895566403413724	300907	20866	201	0	76.5	0.042134	FALSE
chr10	154	25	-0.835480369984458	0.389861495844875	0.757319316688568	0.364265927977839	0.62023653088042	0	0	0.972760581316116	295082	12754	0	0	77	0.025508	FALSE
chr10	155	25	-0.762708239425669	0.482216066481995	0.846491458607096	0.447368421052632	0.730617608409987	0	0	0.920917996894583	309833	20521	196	0	77.5	0.041434	FALSE
chr10	156	25	-0.579626381581788	0.446371191135734	0.686806833114323	0.45983379501385	0.627463863337714	0	0	1.08646574546754	213477	12592	423	0	78	0.02603	FALSE
chr10	157	25	0.0168483893123303	0.729861495844875	0.731800262812089	0.684903047091413	0.670170827858081	0	0	1.05018934104847	216266	15045	211	0	78.5	0.030512	FALSE
chr10	158	25	0.699941165744395	1.52883656509695	0.980683311432326	1.45914127423823	0.936925098554534	0	0	0.870064007327889	330814	26332	1567	0	79	0.055798	FALSE
chr10	159	25	0.0447890044703558	2.92254847645429	3.1754270696452	3.24515235457064	2.98028909329829	0	0	0.737257179879581	381835	19918	1377	0	79.5	0.04259	FALSE
chr10	160	25	-0.0449497877169854	4.3407756232687	3.18554533508541	3.37257617728532	2.73193166885677	0	0	0.72954949118084	344694	22256	846	0	80	0.046204	FALSE
chr10	161	25	0.0292647578613135	2.93213296398892	2.99574244415243	3.46191135734072	3.22667542706965	0	0	0.792970364495481	427572	18853	1261	0	80.5	0.040228	FALSE
chr10	162	25	0.208860105363059	2.99623268698061	2.75800262812089	3.11495844875346	2.63206307490145	0	0	0.698685224695881	443869	24149	2543	0	81	0.053384	FALSE
chr10	163	25	0.128377594297165	2.52141274238227	2.45524310118265	2.54224376731302	2.40670170827858	0	0	0.637526390455871	445676	25411	585	0	81.5	0.051992	FALSE
chr10	164	25	0.328303235179112	2.65036011080332	2.26664914586071	2.54570637119114	2.1754270696452	0	0	0.85540822823695	448083	23142	2441	0	82	0.051166	FALSE
chr10	165	25	-0.157377645167848	2.92443213296399	3.35868593955322	3.52770083102493	3.45532194480946	0	0	0.687112521084438	430476	17685	2437	0	82.5	0.040244	FALSE
chr10	166	25	0.0726397415980159	3.35058171745152	3.93871222076216	3.75346260387812	3.38042049934297	0	0	0.677315937042705	461053	22283	2078	0	83	0.048722	FALSE
chr10	167	25	-0.255723874474832	2.7086703601108	3.42399474375821	3.07479224376731	2.73784494086728	0	0	0.782503546653858	438522	25958	1402	242	83.5	0.055204	FALSE
chr10	168	25	0.0972333358550937	3.11260387811634	3.46454664914586	3.41689750692521	3.23390275952694	0	0	0.771802146982272	450710	20292	3122	0	84	0.046828	FALSE
chr10	169	25	0.285779399484074	2.36814404432133	2.11655716162944	2.10595567867036	1.82260183968463	0	0	0.893767942717351	397896	23761	1483	0	84.5	0.050488	FALSE
chr10	170	25	-0.40248047660178	1.16675900277008	1.62835742444152	1.05193905817175	1.55716162943495	0	0	1.07873013036047	413217	31471	422	0	85	0.063786	FALSE
chr10	171	25	0.0698110420852616	3.3919944598338	3.5262023653088	3.34487534626039	3.17871222076216	0	0	0.650361367723774	406353	26129	796	0	85.5	0.05385	FALSE
chr10	172	25	0.137050254236195	3.05296398891967	3.0034691195795	3.10595567867036	2.75624178712221	0	0	0.71981434523743	438580	19426	2057	0	86	0.042966	FALSE
chr10	173	25	0.376883408320416	2.7190027700831	2.48798948751643	2.79639889196676	2.05453350854139	0	0	0.778119100546241	457499	16751	3717	121	86.5	0.041178	FALSE
chr10	174	25	0.173294379410954	3.0890027700831	2.66654402102497	2.99722991689751	2.45137976346912	0	0	0.736045173758113	447889	24909	2716	0	87	0.05525	FALSE
chr10	175	25	-0.108514263063946	3.10382271468144	3.73056504599212	3.51592797783934	3.92115637319317	0	0	0.650467488075424	428648	17318	3715	113	87.5	0.042292	FALSE
chr10	176	25	0.13893464739228	2.92722991689751	3.04722733245729	2.94806094182826	2.67739816031537	0	0	0.777292478859709	471138	24476	2865	0	88	0.054682	FALSE
chr10	177	25	0.140443469324442	3.07609418282549	3.2388961892247	3.26592797783934	2.85085413929041	0	0	0.797433004546419	386903	18927	1665	0	88.5	0.041184	FALSE
chr10	178	25	0.41005760707655	2.67905817174515	2.33984231274639	2.85041551246537	2.08344283837057	0	0	0.800018989957664	301305	29156	845	0	89	0.060002	FALSE
chr10	179	25	-0.0912478681679854	2.35642659279778	2.46749014454665	2.96191135734072	2.6892247043364	0	0	0.82875526412797	408863	19406	1975	121	89.5	0.043004	FALSE
chr10	180	25	-0.0728440947563399	1.12326869806094	1.15361366622865	0.833795013850416	0.867936925098555	0	0	1.02151450497649	351261	23511	632	0	90	0.048286	FALSE
chr10	181	25	0.0702478945507181	2.21670360110803	2.12120893561104	2.47091412742382	1.61957950065703	0	0	0.784402542420214	402496	22192	981	0	90.5	0.046346	FALSE
chr10	182	25	0.0846500906253381	1.66706371191136	1.58833114323259	0.785318559556787	1.07490144546649	0	0	1.10887948079222	206771	13932	846	0	91	0.029556	FALSE
chr10	183	25	0.24392369840572	2.49601108033241	2.33395532194481	2.48684210526316	2.42838370565046	0	0	0.918706225354945	398573	17895	3297	0	91.5	0.042384	FALSE
chr10	184	25	0.436262388318854	2.54415512465374	2.0049408672799	2.6904432132964	1.86399474375821	0	0	0.904770947598887	466926	22449	2662	122	92	0.050466	FALSE
chr10	185	25	0.682940559581564	2.62354570637119	1.76157687253614	2.69182825484765	1.77135348226018	0	0	0.802884239452196	452899	19682	1407	0	92.5	0.042178	FALSE
chr10	186	25	0.380080161313783	2.69565096952909	2.24930354796321	2.67105263157895	1.97503285151117	0	0	0.712201606327007	323149	26090	1066	110	93	0.054532	FALSE
chr10	187	25	0.596239269905745	2.01157894736842	1.47164257555848	2.11565096952909	1.34165571616294	0	0	0.874554573787156	303175	25622	213	0	93.5	0.05167	FALSE
chr10	188	25	0.530779517192914	1.78418282548476	1.63237844940867	1.49030470914127	1.07293035479632	0	0	1.05423308497448	216169	16939	424	240	94	0.035206	FALSE
chr10	189	25	0.262477730484426	2.76850415512465	2.18917214191853	2.87326869806094	2.28186596583443	0	0	0.751494062845589	335457	35258	634	0	94.5	0.071784	FALSE
chr10	190	25	0.494353941858267	2.05720221606648	1.67818659658344	1.91897506925208	1.2568988173456	0	0	0.873046547737402	348185	27143	385	0	95	0.055056	FALSE
chr10	191	25	0.315311326111632	1.40216066481994	1.20565045992116	1.19736842105263	1.0065703022339	0	0	0.923934048994091	317129	22815	631	0	95.5	0.046892	FALSE
chr10	192	25	0.292593307783299	1.02418282548476	0.921813403416557	0.903047091412742	0.814717477003942	0	0	0.908948738284872	192570	18544	213	0	96	0.037514	FALSE
chr10	193	25	0.0269880161354281	0.851578947368421	0.878055190538765	0.823407202216067	0.80814717477004	0	0	0.947660325510215	259070	21675	427	0	96.5	0.044204	FALSE
chr10	194	25	0.0648930244275638	0.914709141274238	0.881156373193167	0.871883656509695	0.819973718791064	0	0	0.965723126417265	301395	25557	212	0	97	0.051538	FALSE
chr10	195	25	0.531403187422564	1.08864265927978	0.859369250985545	1.05193905817175	0.681340341655716	0	0	0.855910903586868	271799	26550	213	119	97.5	0.053764	FALSE
chr10	196	25	0.417188888302751	2.12612188365651	1.69505913272011	2.19390581717452	1.48423127463863	0	0	0.68079556752047	347049	31653	0	0	98	0.063306	FALSE
chr10	197	25	0.156987622846471	3.26271468144044	3.13858081471748	3.25692520775623	2.8377135348226	0	0	0.742697244222026	327378	30458	0	0	98.5	0.060916	FALSE
chr10	198	25	-0.207796804640948	3.31193905817175	3.85989487516426	3.3185595567867	3.70565045992116	0	0	0.640994850370304	337708	37466	1438	0	99	0.077808	FALSE
chr10	199	25	0.183831313367908	3.12659279778393	3.01582128777924	3.15304709141274	2.80551905387648	0	0	0.731744506875482	281316	30815	212	0	99.5	0.062054	FALSE
chr10	200	25	-0.102345392619285	3.42396121883657	3.67742444152431	3.57617728531856	3.65965834428384	0	0	0.560136727695178	466189	32301	1002	0	100	0.066606	FALSE
chr10	201	25	0.411484050341219	3.01670360110803	2.99724047306176	2.86634349030471	2.1550591327201	0	0	0.958305872365143	300944	21366	0	0	100.5	0.042732	FALSE
chr10	202	25	0.0482114768153561	3.34540166204986	3.61059132720105	3.44459833795014	3.42838370565046	0	0	0.725896716971437	469610	22732	2299	10080	101	0.070222	FALSE
chr10	203	25	-0.647505237333319	3.93324099722992	6.25595269382392	4.11980609418283	6.11760840998686	0	0	0.798946615877839	346388	16147	1862	0	101.5	0.036018	FALSE
chr10	204	25	-0.113055823035414	3.65570637119114	5.08749014454665	3.55193905817175	3.86596583442838	0	0	0.692066665921962	447331	24783	1359	126	102	0.052536	FALSE
chr10	205	25	-0.47307045929785	3.80991689750693	5.4603679369251	3.94182825484765	5.27660972404731	0	0	0.698372448922599	366219	34948	1859	0	102.5	0.073614	FALSE
chr10	206	25	-0.262424916521657	3.65257617728532	4.7300394218134	3.91274238227147	4.85873850197109	0	0	0.712603746606941	388765	28191	2023	0	103	0.060428	FALSE
chr10	207	25	-0.498917318775362	3.97991689750693	5.93645203679369	4.12742382271468	5.67805519053877	0	0	0.75301884474034	466752	28028	2848	0	103.5	0.061752	FALSE
chr10	208	25	-0.40127295921234	4.04083102493075	5.91600525624179	4.07548476454294	5.52233902759527	0	0	0.817685235866445	265082	31129	1483	121	104	0.065466	FALSE
chr10	209	25	-0.490218654928833	3.8597783933518	5.78517739816032	3.8691135734072	5.77135348226018	0	0	0.69989723081735	354579	34626	1064	0	104.5	0.07138	FALSE
chr10	210	25	0.0986059032617917	3.55243767313019	3.96544021024967	3.64681440443213	3.16622864651774	0	0	0.800387618547603	375160	27043	2117	0	105	0.05832	FALSE
chr10	211	25	-0.148797590589494	3.85293628808864	5.16675427069645	3.97853185595568	4.40407358738502	0	0	0.919879134504753	291845	21180	1694	0	105.5	0.045748	FALSE
chr10	212	25	-0.367879778103524	3.53265927977839	5.06373193166886	3.70013850415512	4.98226018396846	0	0	0.846734285810033	367999	18938	1876	5022	106	0.051672	FALSE
chr10	213	25	0.2436704533895	3.01346260387812	3.04777923784494	2.95914127423823	2.54664914586071	0	0	0.795360865048424	460262	22574	1257	1983	106.5	0.051628	FALSE
chr10	214	25	1.01745348916457	2.25662049861496	1.1926938239159	2.1904432132964	1.1419185282523	0	0	0.983394957607712	279914	12727	1640	111	107	0.028956	FALSE
chr10	215	11	0.0172831215502752	1.35438176781667	1.13074901445466	1.27770083102493	0.990144546649146	0	0	1.16317958914668	132438	14609	420	0	107.5	0.030058	FALSE
chr12	0	25	-1.30125999899138	1.43047091412742	3.56099868593955	0.250692520775623	0.420499342969777	0	1	0.00521665307581461	333604	38958	428	0	0	0.078772	FALSE
chr12	1	25	-0.492583256680212	0.848337950138504	1.31248357424442	0.840027700831025	0.97634691195795	0	0	0.981747299516315	225257	14246	0	13903	0.5	0.056298	FALSE
chr12	2	25	-0.629312238261785	1.21235457063712	1.61416557161629	0.869806094182825	1.31471747700394	0	0	1.12561298466282	271370	14012	212	6907	1	0.042262	FALSE
chr12	3	25	-0.775149386298526	0.768919667590028	1.34391590013141	0.495152354570637	0.870565045992116	0	0	0.298723204611209	317778	15341	0	13883	1.5	0.058448	FALSE
chr12	4	25	-0.691507925393522	0.471108033240997	0.712930354796321	0.414127423822715	0.668199737187911	0	0	0.000904815629852213	289234	15649	0	6894	2	0.045086	FALSE
chr12	5	25	-0.608789132917828	0.734819944598338	1.01156373193167	0.643351800554017	0.812746386333771	0	0	0.702583751298578	235993	13906	0	6981	2.5	0.041774	FALSE
chr12	6	25	-0.391665700623398	0.784265927977839	1.12588699080158	0.768005540166205	0.837056504599212	0	0	1.02435182806269	292000	14911	0	6917	3	0.043656	FALSE
chr12	7	25	-0.717501934090769	1.06457063711911	1.57287779237845	0.93421052631579	1.26872536136662	0	0	1.25011449827415	285371	14842	427	13863	3.5	0.058264	FALSE
chr12	8	25	1.09579717405408	0.826703601108033	0.650197109067017	0.74584487534626	0.402102496714849	0	0	1.19433987555992	421444	286172	0	0	4	0.572344	FALSE
chr12	9	25	1.93725123474226	1.1609972299169	0.59119579500657	0.824792243767313	0.207621550591327	0	0	0.87669373666514	415005	363249	427	0	4.5	0.727352	FALSE
chr12	10	25	0.503759156252802	2.07919667590028	1.51201051248357	2.32271468144044	1.51248357424442	0	0	0.865679561220272	395439	26128	1866	0	5	0.055988	FALSE
chr12	11	25	0.311333266703853	2.51005540166205	2.4807358738502	2.01662049861496	1.57752956636005	0	0	0.847465957708247	261503	35045	427	4560	5.5	0.080064	FALSE
chr12	12	25	0.136297380094705	2.89725761772853	3.19915900131406	2.87326869806094	2.60643889618923	0	0	0.681153025547078	375380	39530	4273	0	6	0.087606	FALSE
chr12	13	25	-0.341876579735185	1.31152354570637	1.62911957950066	1.09903047091413	1.31865965834428	0	0	0.900012287619665	372795	20860	1205	0	6.5	0.04413	FALSE
chr12	14	25	-0.333322556067155	1.50698060941828	1.87910643889619	1.31301939058172	1.46057818659658	0	0	0.82397984830375	343288	12247	1819	0	7	0.028132	FALSE
chr12	15	25	-0.730109621979483	1.05415512465374	1.38948751642576	0.772160664819945	1.31274638633377	0	0	1.05598127813586	331339	11213	966	0	7.5	0.024358	FALSE
chr12	16	25	-1.02234647668633	0.505706371191136	0.981024967148489	0.479916897506925	0.825886990801577	0	0	1.15356173411825	321722	7134	212	0	8	0.014692	FALSE
chr12	17	25	-0.743451585964102	2.05634349030471	3.09038107752957	1.51315789473684	2.00722733245729	0	0	0.535751387942494	440159	44322	0	8833	8.5	0.10631	FALSE
chr12	18	25	-0.471971373432274	1.43432132963989	3.08120893561104	1.1606648199446	1.42509855453351	0	0	0.761056065057361	350710	36685	0	8103	9	0.089576	FALSE
chr12	19	25	0.177521961680474	2.33831024930748	2.09479632063075	2.30124653739612	2.06701708278581	0	0	0.681918209135287	430647	28988	1910	0	9.5	0.061796	FALSE
chr12	20	25	0.279198994848819	2.42747922437673	2.00068331143233	2.45567867036011	1.89356110381078	0	0	0.795226818288446	445582	27450	2047	0	10	0.058994	FALSE
chr12	21	25	0.260288564638187	2.95307479224377	2.63353482260184	2.95013850415512	2.57161629434954	0	0	0.597345874152434	409983	34848	1475	0	10.5	0.072646	FALSE
chr12	22	25	0.167089740805037	2.94936288088643	2.5607358738502	3.01939058171745	2.55059132720105	0	0	0.713452709420136	377253	30697	955	122	11	0.063548	FALSE
chr12	23	25	0.566986411107147	2.67019390581717	2.09547963206307	2.59210526315789	1.95729303547963	0	0	0.773930139296925	401434	20874	1225	5038	11.5	0.054274	FALSE
chr12	24	25	0.235683834655201	2.75736842105263	2.40654402102497	2.80401662049862	2.22930354796321	0	0	0.757537337607936	440401	30395	1914	0	12	0.064618	FALSE
chr12	25	25	-0.00596743745606658	2.82224376731302	6.63584756898817	2.80124653739612	2.71550591327201	0	0	0.59546921951274	487306	131668	1384	0	12.5	0.266104	FALSE
chr12	26	25	0.36227813282464	2.71509695290859	2.28530880420499	2.79016620498615	2.17411300919842	0	0	0.637464952357547	462050	25181	1008	123	13	0.052624	FALSE
chr12	27	25	0.119875313676977	2.35869806094183	2.23353482260184	2.45083102493075	1.97766097240473	0	0	0.78004043743926	369162	31529	635	0	13.5	0.064328	FALSE
chr12	28	25	-0.0583509277095809	1.18678670360111	1.39886990801577	1.05817174515235	1.28712220762155	0	0	1.11333653556149	336944	14908	1066	0	14	0.031948	FALSE
chr12	29	25	0.0612180532460677	3.26745152354571	3.40360052562418	3.38850415512465	3.15505913272011	0	0	0.790753007674177	462950	27562	6567	0	14.5	0.068258	FALSE
chr12	30	25	0.287500005403642	2.91742382271468	2.5411826544021	2.92797783933518	2.19185282522996	0	0	0.622557835591649	448850	46267	12347	109	15	0.117446	FALSE
chr12	31	25	0.16068255116754	2.92238227146814	3.01976346911958	2.89819944598338	2.36990801576873	0	0	0.751287407423956	436235	25337	5001	0	15.5	0.060676	FALSE
chr12	32	25	-0.0350872516091841	3.02160664819945	3.16412614980289	3.04432132963989	3.26149802890933	0	0	0.801197484389138	443457	31963	8570	0	16	0.081066	FALSE
chr12	33	25	-0.0966244963119769	3.12745152354571	3.79056504599212	3.34210526315789	3.7772667542707	0	0	0.568319165335508	453324	30649	13983	0	16.5	0.089264	FALSE
chr12	34	25	0.0520061669646141	3.15277008310249	3.53398160315375	3.05540166204986	2.96780551905388	0	0	0.680304062733884	437690	45046	12141	0	17	0.114374	FALSE
chr12	35	25	0.248116699782231	2.84243767313019	2.43080157687254	2.86980609418283	2.4862023653088	0	0	0.659504473810614	318891	38054	7168	0	17.5	0.090444	FALSE
chr12	36	25	0.562351638590344	1.92631578947368	1.49718791064389	1.87534626038781	1.42641261498029	0	0	0.881424470236034	236268	24753	2339	0	18	0.054184	FALSE
chr12	37	25	0.112009314709256	2.86667590027701	2.62830486202365	2.70706371191136	2.58541392904074	0	0	0.637034885669284	414992	59010	17458	121	18.5	0.153178	FALSE
chr12	38	25	-0.306170176277214	3.66817174515235	4.75587385019711	3.67797783933518	4.66557161629435	0	0	0.703388031858447	425518	32898	15013	0	19	0.095822	FALSE
chr12	39	25	0.0442895206002127	3.69337950138504	4.30283837056505	3.68767313019391	3.76938239159001	0	0	0.661168887747009	233980	27895	12558	0	19.5	0.080906	FALSE
chr12	40	25	-0.494753408079345	3.71207756232687	5.38115637319317	3.7409972299169	5.56701708278581	0	0	0.625774957831124	369289	39110	14432	0	20	0.107084	FALSE
chr12	41	25	-0.0611668716310766	3.64504155124654	3.9368988173456	3.65650969529086	3.77266754270696	0	0	0.700656829123893	333239	34194	14445	0	20.5	0.097278	FALSE
chr12	42	25	0.153179537702667	1.71662049861496	1.78756898817346	1.54016620498615	1.41261498028909	0	0	0.998771238033534	320397	36319	2195	51812	21	0.180652	FALSE
chr12	43	25	-0.844121578452413	0.838614958448754	1.50893561103811	0.797783933518006	1.44940867279895	0	0	1.14935043174227	363151	18725	428	2433	21.5	0.043172	FALSE
chr12	44	25	0.180799799917104	2.3121052631579	2.21303547963206	1.92243767313019	2.00525624178712	0	0	0.890511723506216	350992	19443	1910	5028	22	0.052762	FALSE
chr12	45	25	-1.43512266529136	0.707146814404432	1.52388961892247	0.576869806094183	1.4323258869908	0	1	0.98785759765865	317216	8507	0	0	22.5	0.017014	FALSE
chr12	46	25	-1.68119617905078	0.258864265927978	0.535137976346912	0.0297783933518006	0.116951379763469	0	2	0	285218	9344	851	0	23	0.02039	FALSE
chr12	47	25	-2.23181661905129	0.160332409972299	0.750749014454665	0.0678670360110803	0.505913272010513	0	0	0.00306631963449917	302365	10764	853	0	23.5	0.023234	FALSE
chr12	48	25	-3.99824384613613	0.0877008310249308	0.690827858081472	0.0318559556786704	0.614980289093298	0	1	0	295680	6726	212	0	24	0.013876	FALSE
chr12	49	25	-0.298888092573233	3.39407202216067	4.26525624178712	3.51108033240997	4.26938239159001	0	0	0.655745579249562	352890	43117	13945	0	24.5	0.114124	FALSE
chr12	50	25	-0.0218011320386511	3.41570637119114	3.88930354796321	3.46883656509695	3.46057818659658	0	0	0.575479496431005	386332	59540	13355	0	25	0.14579	FALSE
chr12	51	25	0.600255183224209	2.98310249307479	2.29235216819974	3.04224376731302	2.01116951379763	0	0	0.757749578311234	319683	28570	15295	0	25.5	0.08773	FALSE
chr12	52	25	-0.262078925937229	3.56991689750693	4.23858081471748	3.53601108033241	4.18725361366623	0	0	0.674232861563209	449377	32149	20303	0	26	0.104904	FALSE
chr12	53	25	0.15294976067269	3.17603878116344	3.06281208935611	3.19321329639889	2.68396846254928	0	0	0.776929435551435	442991	33594	19699	5037	26.5	0.11666	FALSE
chr12	54	25	-0.191563658695653	3.17592797783934	3.78938239159001	3.38504155124654	3.87713534822602	0	0	0.632862680264966	498969	42270	14954	119	27	0.114686	FALSE
chr12	55	25	-0.185664625392715	3.48357340720222	4.00712220762155	3.54085872576177	3.86268068331143	0	0	0.684660582433172	487612	42838	25269	336	27.5	0.136886	FALSE
chr12	56	25	-0.00363640163091907	2.8198891966759	2.98002628120894	2.92936288088643	2.78580814717477	0	0	0.706655421632913	460619	40564	13817	0	28	0.108762	FALSE
chr12	57	25	0.368446598008787	1.42675900277008	1.20459921156373	1.34141274238227	1.2365308804205	0	0	0.795936149059997	362563	37219	9722	0	28.5	0.093882	FALSE
chr12	58	25	0.323497520312001	1.42637119113573	1.24551905387648	1.31094182825485	1.13797634691196	0	0	0.83175456038248	310885	35835	13515	122	29	0.098944	FALSE
chr12	59	25	0.124454436794575	1.56880886426593	1.45831800262812	1.54847645429363	1.16162943495401	0	0	0.478720076853476	332645	37176	9194	0	29.5	0.09274	FALSE
chr12	60	25	0.612451249796495	1.70229916897507	1.17006570302234	1.58518005540166	0.978318002628121	0	0	0.886646708593515	332498	23143	2766	0	30	0.051818	FALSE
chr12	61	25	0.385592682427553	2.49229916897507	1.97634691195795	2.53254847645429	1.84691195795007	0	0	0.764999273913384	417690	34870	10376	0	30.5	0.090492	FALSE
chr12	62	25	0.404471025145749	2.11451523545706	1.77842312746386	2.15581717451524	1.58147174770039	0	0	0.702600507143575	378595	40855	10791	0	31	0.103292	FALSE
chr12	63	25	0.308618520368069	2.09135734072022	1.8388173455979	1.89404432132964	1.40932982917214	0	0	0.764401648775148	366944	40188	9709	0	31.5	0.099794	FALSE
chr12	64	25	0.272066717309214	2.83584487534626	2.39632063074901	2.90443213296399	2.30814717477004	0	0	0.711883245272059	470473	21577	3627	0	32	0.050408	FALSE
chr12	65	25	0.25520328293646	2.79839335180055	2.6245729303548	2.80678670360111	2.16162943495401	0	0	0.722238357480368	342376	27234	1011	0	32.5	0.05649	FALSE
chr12	66	25	0.0399390152682263	3.22916897506925	3.1984494086728	3.29085872576177	2.95597897503285	0	0	0.682208643781906	396739	39383	3784	0	33	0.086334	FALSE
chr12	67	25	0.100496306198479	2.76235457063712	2.7780814717477	2.72783933518006	2.68988173455979	0	0	0.681231219490399	430189	27005	1921	0	33.5	0.057852	FALSE
chr12	68	25	0.989097113775825	1.85936288088643	1.0299605781866	1.82686980609418	0.912614980289093	0	0	0.745998145686487	284060	23494	1447	0	34	0.049882	FALSE
chr12	69	25	0.388658536299027	2.43764542936288	1.73923784494087	2.40858725761773	1.61826544021025	0	0	0.616302320126004	411456	24771	1275	0	34.5	0.052092	FALSE
chr12	70	25	0.656225234929847	1.55781163434903	1.06830486202365	1.47437673130194	0.890275952693824	0	0	0.691994057260308	358959	26910	1060	0	35	0.05594	FALSE
chr12	71	25	0.653309546617642	1.37462603878116	0.938791064388962	1.32548476454294	0.940210249671485	0	0	0.76212285385552	345366	27375	1319	0	35.5	0.057388	FALSE
chr12	72	25	0.601717494620867	1.74398891966759	1.18147174770039	1.74445983379501	1.15703022339028	0	0	0.816115771718368	365953	32435	851	0	36	0.066572	FALSE
chr12	73	25	0.128999078850916	3.25814404432133	3.3634691195795	3.20775623268698	3.06438896189225	0	0	0.566738530624099	387921	32752	2466	0	36.5	0.070436	FALSE
chr12	74	25	-0.457670306572368	3.9315512465374	6.05014454664915	4.01315789473684	5.55913272010513	0	0	0.679913093017281	389236	20680	2062	0	37	0.045484	FALSE
chr12	75	25	-0.0862422347473543	3.07	3.42433639947438	3.18559556786704	3.4862023653088	0	0	0.71728979792451	482372	28627	8223	5158	37.5	0.084016	FALSE
chr12	76	25	0.0713364523970019	3.26163434903047	3.97059132720105	3.2112188365651	3.10906701708279	0	0	0.793070899565465	359781	18844	1697	0	38	0.041082	FALSE
chr12	77	25	0.0709423294649341	2.80659279778393	2.72459921156373	2.87119113573407	2.67017082785808	0	0	0.783430703410373	455523	23469	3815	0	38.5	0.054568	FALSE
chr12	78	25	0.116448610918434	3.10232686980609	3.1526938239159	3.13504155124654	2.90801576872536	0	0	0.672054601713564	458555	22473	2648	0	39	0.050242	FALSE
chr12	79	25	0.185390608210895	2.80124653739612	2.68714848883049	2.86080332409972	2.11695137976347	0	0	0.778537996671172	488088	20742	2281	0	39.5	0.046046	FALSE
chr12	80	25	-0.390740296433919	3.62808864265928	4.81839684625493	3.93698060941828	5.36136662286465	0	0	0.737759855229499	366146	20639	998	120	40	0.043514	FALSE
chr12	81	25	0.173292599740687	3.17941828254848	3.18189224704336	3.10387811634349	2.73324572930355	0	0	0.814144167290356	469897	20162	2572	0	40.5	0.045468	FALSE
chr12	82	25	0.0919213676731384	3.44520775623269	3.25561103810775	3.50554016620499	3.21222076215506	0	0	0.703343349605121	423598	29917	213	0	41	0.06026	FALSE
chr12	83	25	-0.511750078834661	3.61340720221607	5.22764783180026	3.67797783933518	4.7700394218134	0	0	0.498313244936942	369207	36207	1089	0	41.5	0.074592	FALSE
chr12	84	25	-0.0316893112284122	3.06454293628809	3.74586070959264	2.84141274238227	3.02365308804205	0	0	0.592168318048279	328956	38322	1060	121	42	0.079006	FALSE
chr12	85	25	0.00535789571885791	2.67905817174515	2.70173455978975	2.80540166204986	2.82588699080158	0	0	0.486316059918902	374748	48435	425	0	42.5	0.09772	FALSE
chr12	86	25	0.0546683353554781	3.03819944598338	3.00499342969777	2.99930747922438	2.74375821287779	0	0	0.614319545134661	334723	39979	426	0	43	0.08081	FALSE
chr12	87	25	0.0545284885560176	3.05293628808864	3.06136662286465	3.3691135734072	3.07687253613666	0	0	0.757872454507881	400708	35624	1709	0	43.5	0.074666	FALSE
chr12	88	25	-0.0976180943368367	3.55479224376731	4.28604467805519	3.53531855955679	4.07555847568988	0	0	0.713363344913484	295720	26471	1383	0	44	0.055708	FALSE
chr12	89	25	-0.131684342869701	3.27288088642659	3.42373193166886	3.29847645429363	3.45795006570302	0	0	0.696183018509623	347072	45011	1483	0	44.5	0.092988	FALSE
chr12	90	25	0.252089555948602	2.6317728531856	2.41865965834428	2.72091412742382	2.18002628120894	0	0	0.71496073546989	343943	34813	638	121	45	0.071144	FALSE
chr12	91	25	0.330009150319661	2.5583379501385	2.18249671484888	2.47853185595568	1.84165571616294	0	0	0.645150299929625	228189	34581	425	0	45.5	0.070012	FALSE
chr12	92	25	0.0332405419970846	3.11180055401662	3.3246517739816	3.17728531855956	3.53810775295664	0	0	0.62330626333486	376975	43820	1061	122	46	0.090006	FALSE
chr12	93	25	-0.101270124707076	3.39337950138504	4.45553219448095	3.56094182825485	3.48291721419185	0	0	0.730431965684029	392014	23732	2125	0	46.5	0.051714	FALSE
chr12	94	25	-0.126932280303913	3.38667590027701	3.90636005256242	3.53324099722992	3.56636005256242	0	0	0.820081321701053	467980	27531	3355	0	47	0.061772	FALSE
chr12	95	25	-0.702394426291962	3.84506925207756	6.45353482260184	3.8393351800554	6.53022339027595	0	0	0.677667809787648	398496	35457	1432	0	47.5	0.073778	FALSE
chr12	96	25	-0.4245843152114	3.81426592797784	5.32299605781866	3.86426592797784	5.03547963206307	0	0	0.696512550127903	438562	37698	2046	0	48	0.079488	FALSE
chr12	97	25	-0.446633425664388	3.64592797783934	5.07319316688568	3.66481994459834	4.85873850197109	0	0	0.684481853419868	321866	35301	1278	0	48.5	0.073158	FALSE
chr12	98	25	-0.460670768302509	3.4494459833795	5.40890932982917	3.39958448753463	4.60249671484888	0	0	0.625439840931178	331398	47886	598	0	49	0.096968	FALSE
chr12	99	25	-0.102480573264577	3.46711911357341	4.1073061760841	3.40720221606648	3.69382391590013	0	0	0.773343684722021	186417	47044	201	0	49.5	0.09449	FALSE
chr12	100	25	-0.0160248728246647	3.47750692520776	3.98362680683311	3.47783933518006	3.25624178712221	0	0	0.675517476346332	258267	50749	631	0	50	0.10276	FALSE
chr12	101	25	-0.314094224098318	3.24116343490305	4.23955321944809	3.45083102493075	4.07030223390276	0	0	0.639559432982205	225663	46772	212	0	50.5	0.093968	FALSE
chr12	102	25	0.12597021195344	2.58731301939058	3.14993429697766	2.40443213296399	2.06176084099869	0	0	0.819226773606193	223762	41413	1065	0	51	0.084956	FALSE
chr12	103	25	0.41195786379644	2.82293628808864	2.36530880420499	3.07617728531856	2.22930354796321	0	0	0.877553870041666	352444	15849	2026	111	51.5	0.035972	FALSE
chr12	104	16	0.618694004151426	1.62300900277008	1.76322273324573	1.46225761772853	1.13863337713535	0	0	1.14544352721708	205729	24050	423	0	52	0.048946	FALSE
chr19	0	25	0.311803287996889	1.46119113573407	1.2234691195795	1.3781163434903	0.963206307490145	0	0	1.02331296567286	282697	20289	372	0	0	0.041322	FALSE
chr19	1	25	0.565593428707109	2.02440443213296	1.33647831800263	2.04570637119114	1.22798948751643	0	0	0.910562884686275	203433	16820	420	0	0.5	0.03448	FALSE
chr19	2	25	0.748639474748374	0.957950138504155	0.627227332457293	0.85803324099723	0.562417871222076	0	0	0.976061482780577	246736	13079	212	121	1	0.026824	FALSE
chr19	3	25	-0.772484573701284	0.441634349030471	0.671143232588699	0.403739612188366	0.50065703022339	0	0	1.00616056567733	219379	11471	0	0	1.5	0.022942	FALSE
chr19	4	25	-0.692187187928671	0.378975069252078	0.664572930354796	0.335872576177285	0.450722733245729	0	0	1.0728879257381	193287	11580	425	0	2	0.02401	FALSE
chr19	5	25	-0.769017873252214	0.41196675900277	0.748883048620237	0.398891966759003	0.694480946123522	0	0	1.09096748249014	225803	11396	0	0	2.5	0.022792	FALSE
chr19	6	25	-1.04647215516614	0.403601108033241	0.860052562417871	0.387811634349031	0.766097240473062	0	0	1.08212039633159	277578	10673	214	0	3	0.021774	FALSE
chr19	7	25	-0.761761977169305	0.444958448753463	0.839710906701708	0.418975069252078	0.66622864651774	0	0	1.0671127444957	244776	10291	0	0	3.5	0.020582	FALSE
chr19	8	25	-0.64466188699534	0.426481994459834	0.728278580814718	0.390581717451524	0.657030223390276	0	0	1.04359312340121	212173	9664	0	0	4	0.019328	FALSE
chr19	9	25	-0.777260995054354	0.367534626038781	0.668173455978975	0.345567867036011	0.551905387647832	0	0	1.0928664782565	278412	12293	0	121	4.5	0.024828	FALSE
chr19	10	25	-0.884931786102948	0.404819944598338	0.73161629434954	0.377423822714681	0.596583442838371	0	0	1.07847320740385	227040	13337	213	0	5	0.0271	FALSE
chr19	11	25	-0.596095120164051	0.425567867036011	0.761997371879106	0.384349030470914	0.524967148488831	0	0	0.987114755197105	232338	10839	213	0	5.5	0.022104	FALSE
chr19	12	25	-0.821368907151081	0.45617728531856	0.883495400788436	0.440443213296399	0.707621550591327	0	0	1.0137006959261	260441	12962	211	122	6	0.02659	FALSE
chr19	13	25	-0.907702463758407	0.466759002770083	0.904152431011827	0.441135734072022	0.798948751642576	0	0	0.998771238033534	232113	17829	0	0	6.5	0.035658	FALSE
chr19	14	25	-0.924874497419122	0.519113573407202	1.03208935611038	0.518698060941828	0.839027595269382	0	0	0.946934238893667	259796	17832	0	0	7	0.035664	FALSE
chr19	15	25	-0.616256519338654	0.483240997229917	0.770643889618922	0.515927977839335	0.655716162943496	0	0	0.984093117815931	132296	14498	638	124	7.5	0.03052	FALSE
chr19	16	25	-0.651708477358805	0.513656509695291	0.857660972404731	0.50415512465374	0.689224704336399	0	0	0.866254845231845	227653	15865	213	0	8	0.032156	FALSE
chr19	17	25	-0.0779876624066518	0.943601108033241	1.11873850197109	0.925207756232687	0.92838370565046	0	0	1.01439327085265	305743	17316	639	0	8.5	0.03591	FALSE
chr19	18	25	0.83706044420633	3.26686980609418	2.09282522996058	3.18836565096953	1.64651773981603	0	0	1.19015649959227	412770	22858	1261	121	9	0.04848	FALSE
chr19	19	25	0.49701777935181	4.73357340720222	3.56772667542707	4.89058171745152	3.44349540078844	0	0	1.17464058712481	359699	25743	1712	0	9.5	0.05491	FALSE
chr19	20	25	0.388778873686421	4.63819944598338	3.5015505913272	5.1516620498615	3.51051248357424	0	0	1.14112331184862	291653	21175	818	0	10	0.043986	FALSE
chr19	21	25	0.824137110403578	3.73393351800554	2.24291721419185	4.10872576177285	2.00722733245729	0	0	1.08723092905575	413779	24060	798	122	10.5	0.04996	FALSE
chr19	22	25	0.244916687077026	1.9691135734072	1.90031537450723	1.72368421052632	1.54664914586071	0	0	0.783318997777058	138445	22404	213	5023	11	0.05528	FALSE
chr19	23	25	0.46835161297794	1.3796675900277	0.991274638633377	1.50623268698061	0.900131406044678	0	0	0.821539080215815	234829	21532	211	0	11.5	0.043486	FALSE
chr19	24	25	-0.0530888241037037	0.800997229916898	0.845177398160315	0.625346260387812	0.898817345597898	0	0	1.00757922722043	232548	13626	426	121	12	0.028346	FALSE
chr19	25	25	-0.259041343791143	0.594598337950139	0.756478318002628	0.615650969529086	0.73784494086728	0	0	0.989192479976765	266822	13077	421	5101	12.5	0.037198	FALSE
chr19	26	25	0.296778571035223	2.11448753462604	1.68042049934297	2.02700831024931	1.53219448094612	0	0	0.856313043866802	348086	19624	424	120	13	0.040336	FALSE
chr19	27	25	-0.0754639083381412	1.26667590027701	1.51516425755585	0.840720221606648	1.0203679369251	0	0	0.586398722087555	327309	19123	633	0	13.5	0.039512	FALSE
chr19	28	25	0.560602374181508	1.3883379501385	0.945335085413929	1.1994459833795	0.754927726675427	0	0	0.460255135666492	327386	10717	209	0	14	0.021852	FALSE
chr19	29	25	0.270085409060672	0.925678670360111	0.834296977660972	0.801246537396122	0.708278580814717	0	0	0.11575496252276	254501	8373	0	0	14.5	0.016746	FALSE
chr19	30	25	0.610724037184655	0.927506925207756	0.70084099868594	0.728531855955679	0.508541392904074	0	0	0.157153070229332	348368	13343	0	0	15	0.026686	FALSE
chr19	31	25	0.740926484253413	0.894847645429363	0.663153745072273	0.679362880886427	0.398160315374507	0	0	0.250689782285721	377498	9805	0	0	15.5	0.01961	FALSE
chr19	32	25	0.375457898475282	0.562326869806094	0.451668856767411	0.520775623268698	0.379106438896189	0	0	0.098267445627283	319252	11703	422	0	16	0.02425	FALSE
chr19	33	25	0.17335690943159	1.22268698060942	1.14331143232589	1.10318559556787	1.02759526938239	0	0	1.00417779068598	383110	11298	210	0	16.5	0.023016	FALSE
chr19	34	25	0.374578795991869	0.713490304709141	0.561130091984231	0.701523545706371	0.503942181340342	0	0	0.186587504607857	353943	9072	0	0	17	0.018144	FALSE
chr19	35	25	0.570749456575885	1.29279778393352	0.828068331143233	1.04224376731302	0.701708278580815	0	0	0.458132728633505	340576	9581	0	0	17.5	0.019162	FALSE
chr19	36	25	0.569352817542551	1.01135734072022	0.68473061760841	0.623961218836565	0.607095926412615	0	0	0.472788507724445	328904	12143	0	0	18	0.024286	FALSE
chr19	37	25	0.35600553580911	0.715457063711911	0.635558475689882	0.656509695290859	0.671484888304862	0	0	0.109024698115526	326005	14185	209	0	18.5	0.028788	FALSE
chr19	38	25	0.0455239675728556	0.636648199445983	0.65311432325887	0.486842105263158	0.638633377135348	0	0	0.212866254845232	388013	10210	212	0	19	0.020844	FALSE
chr19	39	25	0.645467492707968	0.991385041551247	0.689776609724047	0.882271468144044	0.534822601839685	2	2	0.151534276873583	273673	11250	212	0	19.5	0.022924	TRUE
chr19	40	25	0.511505322377971	0.869861495844875	0.582417871222076	0.736842105263158	0.38107752956636	0	0	0.377045609410083	366034	10998	425	0	20	0.022846	FALSE
chr19	41	25	0.492996109161283	0.958421052631579	0.696846254927727	0.934903047091413	0.463206307490145	0	0	0.358804079489729	304081	10509	0	0	20.5	0.021018	FALSE
chr19	42	25	-0.187136789217419	0.51398891966759	0.577713534822602	0.439058171745152	0.544021024967148	0	0	0.248695836731046	362817	12991	209	0	21	0.0264	FALSE
chr19	43	25	0.494151828578761	0.882299168975069	0.690749014454665	0.777700831024931	0.59592641261498	2	2	0.100585337518571	276905	8902	0	0	21.5	0.017804	TRUE
chr19	44	25	0.334540253333011	0.380554016620499	0.276268068331143	0.256925207756233	0.23784494086728	8	8	0.00748986271377666	244878	5410	0	0	22	0.01082	TRUE
chr19	45	25	0.281846425158989	0.810249307479224	0.708173455978975	0.614958448753463	0.59592641261498	0	0	0.136794718557657	274159	14553	0	0	22.5	0.029106	FALSE
chr19	46	25	0.0866640474854447	0.898365650969529	0.908094612352168	0.543628808864266	0.66557161629435	0	0	0.380782162844472	324966	14838	423	0	23	0.030522	FALSE
chr19	47	25	0.690006462997047	1.03706371191136	0.754664914586071	0.822714681440443	0.492772667542707	0	0	0.496358396353928	313238	9535	0	0	23.5	0.01907	FALSE
chr19	48	25	0.357589570050171	0.960637119113573	0.754375821287779	0.943905817174515	0.681997371879107	0	0	0.330704527429318	338146	9190	0	0	24	0.01838	FALSE
chr19	49	25	0.367924225789875	1.47426592797784	1.16068331143233	1.02423822714681	0.576215505913272	0	0	0.90638509400029	356191	6357	0	0	24.5	0.012714	FALSE
chr19	50	25	0.61919579073465	0.903905817174515	0.648278580814718	0.81786703601108	0.479632063074901	0	0	0.278258732587884	353216	10294	0	0	25	0.020588	FALSE
chr19	51	25	0.722429744338919	1.35498614958449	0.942706964520368	1.05540166204986	0.726675427069645	0	0	0.814618916231946	313085	16283	0	0	25.5	0.032566	FALSE
chr19	52	25	0.492937468806366	1.23648199445983	1.02801576872536	0.972991689750693	0.771353482260184	0	0	0.553847700539538	311587	13520	0	0	26	0.02704	FALSE
chr19	53	25	0.320671843668634	1.2486703601108	1.00026281208936	1.02146814404432	0.678712220762155	0	0	0.340171579852772	352586	14179	0	0	26.5	0.028358	FALSE
chr19	54	25	0.388567743642641	1.27002770083103	0.953745072273325	1.13850415512465	1.03022339027595	0	0	0.820852090570928	347853	10587	211	0	27	0.021596	FALSE
chr19	55	25	0.570531942392802	0.744958448753463	0.485282522996058	0.655124653739612	0.40604467805519	0	0	0.145228493872946	339262	12703	211	0	27.5	0.025828	FALSE
chr19	56	25	0.458367253438788	0.995678670360111	0.680998685939553	0.713296398891967	0.608409986859396	0	0	0.170825839747098	320063	9312	0	0	28	0.018624	FALSE
chr19	57	25	0.556898378273577	0.927202216066482	0.655295663600526	0.797091412742382	0.628777923784494	0	0	0.235263234324907	351176	8967	0	0	28.5	0.017934	FALSE
chr19	58	25	0.512998851561205	1.26434903047091	0.859106438896189	1.31925207756233	0.890932982917214	0	0	0.81705968431988	352434	11065	0	0	29	0.02213	FALSE
chr19	59	25	0.31265832824106	1.04512465373961	0.781156373193167	0.943905817174515	0.61892247043364	0	0	0.649149361602306	308726	12529	0	0	29.5	0.025058	FALSE
chr19	60	25	0.29600569754215	1.58476454293629	1.34961892247043	1.56578947368421	1.10315374507227	0	0	0.740708883949018	255266	23143	212	0	30	0.04671	FALSE
chr19	61	25	0.631606312362416	2.10548476454294	1.56231274638633	2.05817174515235	1.26084099868594	0	0	0.824516035343662	256822	21012	0	0	30.5	0.042024	FALSE
chr19	62	25	0.661060227614693	2.53711911357341	1.8211038107753	2.44667590027701	1.73784494086728	0	0	0.734537147708359	269274	24367	423	0	31	0.04958	FALSE
chr19	63	25	0.56362877833367	2.04872576177285	1.4703285151117	2.11842105263158	1.2634691195795	0	0	0.956848113850381	240304	18424	420	0	31.5	0.037688	FALSE
chr19	64	25	0.322615709184811	1.72958448753463	1.45795006570302	1.50069252077562	1.34034165571616	0	0	0.954720121535729	283925	24160	356	0	32	0.049032	FALSE
chr19	65	25	0.440316868566918	1.19072022160665	0.855505913272011	1.16135734072022	0.865308804204993	0	0	0.937294042738575	155077	17780	212	0	32.5	0.035984	FALSE
chr19	66	25	0.443667207095321	0.966814404432133	0.747043363994744	0.852493074792244	0.626806833114323	0	0	0.962679147909429	189647	14219	0	0	33	0.028438	FALSE
chr19	67	25	0.557902926989702	1.40207756232687	1.02315374507227	1.42728531855956	1.03876478318003	0	0	0.801968253259012	237628	22635	640	0	33.5	0.04655	FALSE
chr19	68	25	0.239733653239986	2.39254847645429	2.16980289093298	2.36565096952909	1.80354796320631	0	0	0.728627919705991	253085	28411	210	0	34	0.057242	FALSE
chr19	69	25	0.0722261158739244	2.95490304709141	3.05642575558476	3.29293628808864	2.7838370565046	0	0	0.811904469342389	326055	20095	423	0	34.5	0.041036	FALSE
chr19	70	25	0.277069807161523	2.63027700831025	2.43484888304862	2.80263157894737	2.24638633377135	0	0	0.793897521251997	350860	22460	850	0	35	0.04662	FALSE
chr19	71	25	0.35226917978069	2.34675900277008	2.24007884362681	1.99238227146814	1.26741130091984	0	0	0.8249014197786	183146	15783	210	0	35.5	0.031986	FALSE
chr19	72	25	0.912319830384551	2.1016620498615	1.19298291721419	2.13227146814404	1.05321944809461	0	0	0.818517442834642	272973	22367	642	1853	36	0.049724	FALSE
chr19	73	25	0.916583315425307	1.85005540166205	1.09264126149803	1.56925207756233	1.00525624178712	0	0	0.854520168452095	227284	23461	1271	0	36.5	0.049464	FALSE
chr19	74	25	0.509959941576975	1.20473684210526	0.931642575558476	1.14750692520776	0.873193166885677	0	0	1.05751164531227	174869	15648	639	0	37	0.032574	FALSE
chr19	75	25	0.261009021873363	1.54423822714681	1.26141918528252	1.25831024930748	1.13600525624179	0	0	0.983294422537728	418281	16895	1653	0	37.5	0.037096	FALSE
chr19	76	25	0.225229182006291	1.17468144044321	1.11471747700394	1.09210526315789	0.974375821287779	0	0	0.988175958713598	280445	8996	213	0	38	0.018418	FALSE
chr19	77	25	0.234443555928197	0.401301939058172	0.360972404730618	0.392659279778393	0.231274638633377	0	0	1.46417600339585	414832	388790	0	0	38.5	0.77758	FALSE
chr19	78	25	-0.346389621741857	0.294432132963989	0.314244415243101	0.134349030470914	0.201708278580815	0	0	0.119681415533785	450674	319213	209	0	39	0.638844	FALSE
chr19	79	25	0.228593314511063	1.33648199445983	1.19810775295664	1.14335180055402	1.00262812089356	0	0	0.999162207750137	330490	7797	1694	0	39.5	0.018982	FALSE
chr19	80	25	-0.439445320499018	3.39556786703601	4.62162943495401	3.38573407202216	4.64323258869908	0	0	0.688022921995956	425037	16754	4013	0	40	0.041534	FALSE
chr19	81	25	0.0663669788782527	3.31434903047091	3.68488830486202	3.46468144044321	3.2976346911958	0	0	0.696104824566303	401999	26882	4564	0	40.5	0.062892	FALSE
chr19	82	25	0.0366835595023867	3.15609418282549	3.63797634691196	3.24792243767313	3.24770039421813	0	0	0.783430703410373	417228	20564	2998	0	41	0.047124	FALSE
chr19	83	25	0.272271219128641	1.77476454293629	1.69529566360053	1.74515235457064	1.33837056504599	0	0	0.926291037857039	317751	26871	1651	0	41.5	0.057044	FALSE
chr19	84	25	0.0492273184897369	1.17337950138504	1.21624178712221	1.17243767313019	0.981603153745072	0	0	0.904095128517331	300747	23726	0	0	42	0.047452	FALSE
chr19	85	25	-0.302795033683316	0.675983379501385	0.873823915900131	0.664819944598338	0.672141918528252	0	0	1.17042369946716	256776	18086	423	0	42.5	0.037018	FALSE
chr19	86	25	-0.167472894699124	0.628282548476454	0.732089356110381	0.685595567867036	0.676741130091984	0	0	1.09473196233286	247798	18872	0	0	43	0.037744	FALSE
chr19	87	25	-0.0519318031870933	1.0916620498615	1.18094612352168	0.96191135734072	1.24572930354796	0	0	1.0712402676467	219851	17533	1057	0	43.5	0.03718	FALSE
chr19	88	25	0.274498598862867	1.50335180055402	1.31639947437582	1.31232686980609	1.22601839684625	0	0	0.986556227030529	350494	22164	638	0	44	0.045604	FALSE
chr19	89	25	0.307918739150599	1.13523545706371	1.01227332457293	1.04224376731302	0.835742444152431	0	0	0.962455736642799	225844	21520	1264	0	44.5	0.045568	FALSE
chr19	90	25	0.561714545875356	1.70891966759003	1.17981603153745	1.78047091412742	1.16951379763469	0	0	0.93914277096994	293005	19100	835	0	45	0.03987	FALSE
chr19	91	25	0.603158988739082	2.07808864265928	1.51201051248357	2.04501385041551	1.30880420499343	0	0	0.886473564861876	248965	21015	213	0	45.5	0.042456	FALSE
chr19	92	25	0.506198242939855	1.72351800554017	1.3123258869908	1.65373961218837	1.11629434954008	0	0	0.844187397370449	322443	16726	425	0	46	0.034302	FALSE
chr19	93	25	0.473816582329352	1.14257617728532	0.898396846254928	1.13434903047091	0.872536136662286	0	0	0.953033366472671	208039	15902	214	0	46.5	0.032232	FALSE
chr19	94	25	0.488109071816455	1.79667590027701	1.26186596583443	1.5595567867036	1.11038107752957	0	0	0.799086247919483	332062	29332	1438	0	47	0.06154	FALSE
chr19	95	25	0.358611485753152	1.36495844875346	1.09837056504599	1.20360110803324	0.939553219448095	0	0	0.949391762826599	186990	17831	421	0	47.5	0.036504	FALSE
chr19	96	25	-0.528065846034837	0.511468144044321	0.792614980289093	0.479224376731302	0.745729303547963	0	0	1.03943208856023	273307	13747	213	121	48	0.028162	FALSE
chr19	97	25	-0.886534735781591	0.483462603878116	0.95419185282523	0.470914127423823	1.0065703022339	0	0	0.992063314752963	267456	13144	0	5036	48.5	0.03636	FALSE
chr19	98	25	-1.22209581803506	0.578891966759003	1.35361366622865	0.592105263157895	1.23915900131406	0	0	1.05676321756906	282630	15590	425	0	49	0.03203	FALSE
chr19	99	25	-0.366819115263875	1.0313296398892	1.35466491458607	0.89196675900277	1.04796320630749	0	0	1.08072407591515	385366	20520	213	0	49.5	0.041466	FALSE
chr19	100	25	0.0374661754619223	2.24185595567867	2.37779237844941	2.52770083102493	1.6011826544021	0	0	0.965812490923917	348995	13122	3821	0	50	0.033886	FALSE
chr19	101	25	0.372300232204665	2.16883656509695	1.84893561103811	2.16412742382271	1.64783180026281	0	0	0.802806045508875	497705	15572	3411	125	50.5	0.038216	FALSE
chr19	102	25	0.574728477473642	2.37983379501385	1.59952693823916	2.29778393351801	1.35676741130092	0	0	0.822711989365624	412051	19289	797	123	51	0.040418	FALSE
chr19	103	25	0.590349345358272	2.05318559556787	1.43017082785808	1.92520775623269	1.40998685939553	0	0	0.879045140246423	471073	20467	1452	0	51.5	0.043838	FALSE
chr19	104	25	0.674039804803692	2.09598337950139	1.48664914586071	2.09072022160665	1.37910643889619	0	0	0.934093676344098	398056	23626	1056	0	52	0.049364	FALSE
chr19	105	25	0.374245549630083	1.66764542936288	1.30954007884363	1.71260387811634	1.28646517739816	0	0	0.895895935032004	339506	29359	213	0	52.5	0.059144	FALSE
chr19	106	25	0.637507470183451	1.74058171745152	1.16323258869908	1.80193905817175	1.14257555847569	0	0	0.743847812245172	271051	25050	641	0	53	0.051382	FALSE
chr19	107	25	-0.0601936653195641	2.10160664819945	2.39936925098555	2.28670360110803	2.49540078843627	0	0	0.704259335798304	276693	22208	641	0	53.5	0.045698	FALSE
chr19	108	25	0.239053571000151	1.65792243767313	1.48176084099869	1.40443213296399	1.07358738501971	0	0	0.923509567587493	318732	21446	425	122	54	0.043986	FALSE
chr19	109	25	0.375086787208699	1.88759002770083	1.45681997371879	1.80263157894737	1.40144546649146	0	0	0.884334401983892	400117	20234	2446	0	54.5	0.04536	FALSE
chr19	110	25	0.704474892997791	2.08781163434903	1.32651773981603	2.00346260387812	1.21287779237845	0	0	0.885250388177076	271618	21588	853	0	55	0.044882	FALSE
chr19	111	25	0.408038976586149	2.79279778393352	2.37731931668857	3.10664819944598	2.01971090670171	0	0	0.842590006814044	400524	17120	2282	0	55.5	0.038804	FALSE
chr19	112	25	0.636838394760637	2.10260387811634	1.47897503285151	2.09556786703601	1.39290407358739	0	0	0.930479999106355	454953	16437	1924	0	56	0.036722	FALSE
chr19	113	25	0.48501531187848	2.50512465373961	1.9342444152431	2.37673130193906	1.60052562417871	0	0	0.857094983300008	493822	21472	2462	0	56.5	0.047868	FALSE
chr19	114	25	0.230443719364965	1.33562326869806	1.24480946123522	1.19806094182825	1.13797634691196	0	0	0.88569162542867	337007	37368	1242	0	57	0.07722	FALSE
chr19	115	25	-0.04101000746901	0.745152354570637	0.927568988173456	0.662742382271468	0.807490144546649	0	0	0.922141173579384	295323	22057	212	0	57.5	0.044538	FALSE
chr19	116	25	0.0334623502959781	0.895346260387812	0.865335085413929	0.871191135734072	0.783837056504599	0	0	0.946805777415355	232921	18103	212	0	58	0.03663	FALSE
chr19	117	25	0.610809947449091	1.44783933518006	1.08173455978975	1.44252077562327	0.842969776609724	0	0	0.763586197651948	293773	19086	0	0	58.5	0.038172	FALSE
chr19	118	25	0.533684763354556	1.52263157894737	1.1584494086728	1.53254847645429	1.00788436268068	0	0	0.761285061605657	211523	22968	977	0	59	0.04789	FALSE
chr19	119	25	0.479118227042158	1.871108033241	1.33855453350854	1.9819944598338	1.23324572930355	0	0	0.709950737815708	319225	25990	0	121	59.5	0.052222	FALSE
chr19	120	25	0.648826689117701	1.83096952908587	1.28049934296978	1.79016620498615	1.21024967148489	0	0	0.777007629494755	303176	25766	639	0	60	0.05281	FALSE
chr19	121	25	0.483567486450144	1.24437673130194	0.954270696452037	1.2292243767313	0.85611038107753	0	0	0.796941499759833	362104	23908	0	0	60.5	0.047816	FALSE
chr19	122	25	0.315799600383848	1.7114404432133	1.43198423127464	1.62742382271468	1.13863337713535	0	0	0.724422202611678	285080	32370	251	0	61	0.065242	FALSE
chr19	123	25	0.270264453584614	2.24850415512465	1.90323258869908	2.11772853185596	1.81011826544021	0	0	0.74924319433429	337501	36002	213	0	61.5	0.07243	FALSE
chr19	124	25	0.0350463790849553	3.58952908587258	3.67135348226018	3.64404432132964	3.3915900131406	0	0	0.593626076563041	397692	28014	1427	0	62	0.058882	FALSE
chr19	125	25	0.473487120628643	2.53324099722992	1.79668856767411	2.5713296398892	1.7503285151117	0	0	0.704443650093274	331679	36640	425	0	62.5	0.07413	FALSE
chr19	126	25	0.723359125967096	2.01756232686981	1.3084099868594	2.01869806094183	1.17345597897503	0	0	0.79773460975637	220105	26247	0	0	63	0.052494	FALSE
chr19	127	25	0.54589886220693	2.22426592797784	1.60791064388962	2.17313019390582	1.473061760841	0	0	0.821997073312407	232187	34546	212	0	63.5	0.069516	FALSE
chr19	128	25	0.301813659658543	3.26869806094183	3.37547963206307	3.13296398891967	2.39947437582129	0	0	0.765055126730041	370364	29590	846	120	64	0.061112	FALSE
chr19	129	25	-0.240353148246795	3.75811634349031	4.62126149802891	3.93836565096953	4.62220762155059	0	0	0.643541738809888	406573	29708	1903	0	64.5	0.063222	FALSE
chr19	130	25	-0.833107296457724	4.22351800554017	6.90268068331143	4.24930747922438	7.45400788436268	0	0	0.594195775292948	362652	26127	1274	0	65	0.054802	FALSE
chr19	131	25	-0.419152419427602	4.90357340720222	7.43900131406045	3.83171745152355	5.31340341655716	0	0	0.596675640352543	346589	34710	1090	122	65.5	0.071844	FALSE
chr19	132	25	-0.430696219787319	3.671108033241	5.2211038107753	3.71745152354571	5.18791064388962	0	0	0.632957630053284	252723	46987	1064	0	66	0.096102	FALSE
chr19	133	25	-1.29389255677295	1.94925207756233	5.31095926412615	1.91551246537396	4.8377135348226	0	0	0.354397292255448	391429	26088	1917	0	66.5	0.05601	FALSE
chr19	134	25	-1.03137614637856	3.77299168975069	7.4003679369251	4.2292243767313	7.54467805519054	0	0	0.534628746327677	241634	23934	0	0	67	0.047868	FALSE
chr19	135	25	-0.571760028509934	3.64814404432133	5.20007884362681	4.10595567867036	5.89684625492773	0	0	0.755800315009886	327547	23649	810	0	67.5	0.048918	FALSE
chr19	136	25	-0.233197491050641	5.31969529085873	11.4455453350854	3.67797783933518	4.35611038107753	0	0	0.715256755398175	466396	32681	2020	1210	68	0.071822	FALSE
chr19	137	25	-0.00656454357559836	4.08321329639889	6.87490144546649	3.30124653739612	2.88173455978975	0	0	0.692418538666905	436608	44562	656	605	68.5	0.091646	FALSE
chr19	138	25	-0.205820345643368	3.57609418282549	4.47348226018397	3.64819944598338	4.23193166885677	0	0	0.745277644351605	325181	38153	639	0	69	0.077584	FALSE
chr19	139	25	-0.147586308491366	3.43373961218837	4.05356110381078	3.37880886426593	3.56701708278581	0	0	0.751253895733962	378699	34404	413	0	69.5	0.069634	FALSE
chr19	140	25	0.127103002201583	3.3287811634349	3.13434954007884	3.37257617728532	3.13666228646518	0	0	0.727019358586254	297226	39472	978	0	70	0.0809	FALSE
chr19	141	25	0.212008913439555	2.90221606648199	2.61568988173456	2.8691135734072	2.69842312746386	0	0	0.749863160599189	330758	36425	646	0	70.5	0.074142	FALSE
chr19	142	25	0.259375061491613	3.2413296398892	2.72646517739816	3.36149584487535	2.74770039421813	0	0	0.835128070508596	306667	50061	426	5004	71	0.110982	FALSE
chr19	143	25	0.432987766685939	3.03587257617729	2.35739816031537	3.30263157894737	2.2976346911958	0	0	0.751443795310598	348834	38742	1271	0	71.5	0.080026	FALSE
chr19	144	25	0.628712421796253	1.88706371191136	1.25879106438896	1.77423822714681	1.26544021024967	0	0	0.862836652852403	291708	32864	421	0	72	0.06657	FALSE
chr19	145	25	0.596018437968855	1.36689750692521	0.961024967148489	1.26731301939058	0.903416557161629	0	0	0.998989064018498	307083	21336	213	120	72.5	0.043338	FALSE
chr19	146	25	0.750083885277545	1.16767313019391	0.898186596583443	1.148891966759	0.729960578186597	0	0	1.04677114866903	301793	19482	0	0	73	0.038964	FALSE
chr19	147	25	-0.748669623803753	0.788864265927978	1.33193166885677	0.713296398891967	1.0065703022339	0	0	1.14870253906905	376447	12690	0	0	73.5	0.02538	FALSE
chr19	148	13	-0.853141987052387	1.0631792030684	1.83730920853128	0.82825484764543	1.3311432325887	0	0	1.13342679371321	178372	19768	0	0	74	0.039536	FALSE
