channel,count
A[C>A]A,414
A[C>A]C,126
A[C>A]G,49
A[C>A]T,124
C[C>A]A,219
C[C>A]C,222
C[C>A]G,51
C[C>A]T,185
G[C>A]A,162
G[C>A]C,100
G[C>A]G,44
G[C>A]T,144
T[C>A]A,172
T[C>A]C,190
T[C>A]G,34
T[C>A]T,242
A[C>G]A,412
A[C>G]C,80
A[C>G]G,38
A[C>G]T,78
C[C>G]A,50
C[C>G]C,45
C[C>G]G,19
C[C>G]T,48
G[C>G]A,115
G[C>G]C,56
G[C>G]G,24
G[C>G]T,62
T[C>G]A,70
T[C>G]C,87
T[C>G]G,25
T[C>G]T,338
A[C>T]A,769
A[C>T]C,314
A[C>T]G,174
A[C>T]T,261
C[C>T]A,213
C[C>T]C,384
C[C>T]G,159
C[C>T]T,340
G[C>T]A,313
G[C>T]C,339
G[C>T]G,301
G[C>T]T,275
T[C>T]A,176
T[C>T]C,415
T[C>T]G,141
T[C>T]T,513
A[T>A]A,108
A[T>A]C,42
A[T>A]G,88
A[T>A]T,85
C[T>A]A,89
C[T>A]C,260
C[T>A]G,125
C[T>A]T,94
G[T>A]A,49
G[T>A]C,43
G[T>A]G,281
G[T>A]T,58
T[T>A]A,69
T[T>A]C,69
T[T>A]G,57
T[T>A]T,168
A[T>C]A,406
A[T>C]C,163
A[T>C]G,168
A[T>C]T,162
C[T>C]A,170
C[T>C]C,289
C[T>C]G,213
C[T>C]T,310
G[T>C]A,143
G[T>C]C,118
G[T>C]G,377
G[T>C]T,189
T[T>C]A,132
T[T>C]C,281
T[T>C]G,168
T[T>C]T,360
A[T>G]A,81
A[T>G]C,53
A[T>G]G,63
A[T>G]T,67
C[T>G]A,21
C[T>G]C,50
C[T>G]G,38
C[T>G]T,65
G[T>G]A,52
G[T>G]C,40
G[T>G]G,126
G[T>G]T,95
T[T>G]A,55
T[T>G]C,52
T[T>G]G,119
T[T>G]T,211
