human_symbol	rat_symbol	role	is_hcc	n_ctypes	CHROM	POS	REF	ALT	impact	cons_group	hgvs_p	GT	AF	rat_sift_pred	rat_sift_score	human_hgvsp	cadd_phred	am_class	am_score	human_sift	cnv_state	cnv_log2r	loh	functional_call	ctypes	annotation	hgvs_c	feature_id	DP	AD_ref	AD_alt	chr	status
ARID1B	Arid1b	LoF	TRUE	11	NC_086019.1	48292210	G	A	MODERATE	missense	p.Ala1037Thr	0/1	0.575	deleterious_low_confidence	0.04	p.A1044T	22.4	likely_benign	0.0998	deleterious_low_confidence	neutral	-0.1087	heterozygous	possibly_damaging	BLCA,BRCA,COREAD,DLBCL,HC,HGG,LGG,LUSC,MBL,PAAD,PIA	missense_variant	c.3109G>A	NM_001419802.1	40	17	23	chr1	OK
ARID1B	Arid1b	LoF	TRUE	11	NC_086019.1	48326115	G	A	MODERATE	missense	p.Gly1948Asp	0/1	0.6744	deleterious_low_confidence	0	p.G1945D	27.9	likely_pathogenic	0.9918	deleterious_low_confidence	neutral	-0.1087	heterozygous	likely_damaging	BLCA,BRCA,COREAD,DLBCL,HC,HGG,LGG,LUSC,MBL,PAAD,PIA	missense_variant	c.5843G>A	NM_001419802.1	43	14	29	chr1	OK
CLTC	Cltc	Act	TRUE	3	NC_086028.1	72016558	C	T	MODERATE	missense	p.Ser1650Asn	0/1	0.5593	tolerated_low_confidence	0.14	p.S1674N	22.2	likely_benign	0.162	tolerated_low_confidence	neutral	-0.1331	heterozygous	possibly_damaging	BRCA,CH,HC	missense_variant	c.4949G>A	XM_063269683.1	59	26	33	chr10	OK
DHX9	Dhx9	Act	TRUE	1	NC_086031.1	68153120	G	GCCA	MODERATE	inframe_indel	p.Gly1390dup	1/1	0.8889								gain	0.5636	heterozygous	uncertain	HC	disruptive_inframe_insertion	c.4167_4169dupTGG	NM_001395556.1	63	4	56	chr13	
EP300	Ep300	LoF	TRUE	12	NC_086025.1	115015994	C	T	HIGH	nonsense/start-stop	p.Gln313*	0/1	0.4677	""							neutral	-0.1353	heterozygous	high_impact_truncating	BLCA,CESC,COREAD,DLBCL,ESCA,HC,HNSC,LUSC,MBL,NHLY,NSPH,SCLC	stop_gained	c.937C>T	XM_039080287.2	62	33	29	chr7	
FAT1	Fat1	LoF	TRUE	20	NC_086034.1	53936877	G	A	MODERATE	missense	p.Thr2257Ile	1/1	1	deleterious	0	p.Thr2233Ile	24.3	likely_pathogenic	0.8588	deleterious_low_confidence	loss	-1.0068	homozygous_via_loss	likely_damaging	AN,BCNET,BLCA,BRCA,CESC,CLL,ESCA,HC,HNSC,LUSC,MBL,OV,PAAD,PRAD,SBCC,SSCC,ST,UCEC,UVM,VV	missense_variant	c.6770C>T	XM_063275777.1	26	0	26	chr16	OK
KMT2C	Kmt2c	LoF	TRUE	32	NC_086022.1	10523871	GCAA	G	MODERATE	inframe_indel	p.Gln1808del	1/1	0.7458								neutral	-0.1587	heterozygous	uncertain	ACY,AML,AN,BLCA,BRCA,CESC,CH,CM,COREAD,ESCA,EWS,HC,HNSC,LUAD,LUSC,MBL,NSPH,OV,PAAD,PAIS,PCPG,PIA,PRAD,RCCC,RPC,SCLC,SG,SSCC,ST,THCA,UCEC,VV	disruptive_inframe_deletion	c.5421_5423delACA	XM_039108963.2	59	15	44	chr4	
KMT2C	Kmt2c	LoF	TRUE	32	NC_086022.1	10541507	AAGC	A	MODERATE	inframe_indel	p.Gln3310del	1/1	0.7561								neutral	-0.1587	heterozygous	uncertain	ACY,AML,AN,BLCA,BRCA,CESC,CH,CM,COREAD,ESCA,EWS,HC,HNSC,LUAD,LUSC,MBL,NSPH,OV,PAAD,PAIS,PCPG,PIA,PRAD,RCCC,RPC,SCLC,SG,SSCC,ST,THCA,UCEC,VV	conservative_inframe_deletion	c.9928_9930delCAG	XM_039108963.2	41	5	31	chr4	
KMT2D	Kmt2d	LoF	TRUE	31	NC_086025.1	131863186	TTGGCCACCTCATTGCGAATGA	T	MODERATE	inframe_indel	p.Ile5458_Ala5464del	0/1	0.4242								loss	-0.597	heterozygous	uncertain	ACY,ALL,AN,BLCA,BRCA,CESC,CH,CLL,DLBCL,ESCA,GBM,HC,HGG,HNSC,LUSC,LY,MBL,MESO,NB,NHLY,NSCLC,OV,PAAD,PIA,PRAD,RCH,SBCC,SCLC,SSCC,ST,UCEC	disruptive_inframe_deletion	c.16373_16393delTCATTCGCAATGAGGTGGCCA	XM_063262838.1	33	18	14	chr7	
KMT2D	Kmt2d	LoF	TRUE	31	NC_086025.1	131869164	GT	G	HIGH	frameshift	p.Thr4847fs	0/1	0.4167								loss	-0.597	heterozygous	high_impact_truncating	ACY,ALL,AN,BLCA,BRCA,CESC,CH,CLL,DLBCL,ESCA,GBM,HC,HGG,HNSC,LUSC,LY,MBL,MESO,NB,NHLY,NSCLC,OV,PAAD,PIA,PRAD,RCH,SBCC,SCLC,SSCC,ST,UCEC	frameshift_variant	c.14539delA	XM_063262838.1	24	14	10	chr7	
KMT2D	Kmt2d	LoF	TRUE	31	NC_086025.1	131873891	CCTGCTGCTGCTG	C	MODERATE	inframe_indel	p.Gln3876_Gln3879del	1/1	0.9167								loss	-0.597	heterozygous	uncertain	ACY,ALL,AN,BLCA,BRCA,CESC,CH,CLL,DLBCL,ESCA,GBM,HC,HGG,HNSC,LUSC,LY,MBL,MESO,NB,NHLY,NSCLC,OV,PAAD,PIA,PRAD,RCH,SBCC,SCLC,SSCC,ST,UCEC	conservative_inframe_deletion	c.11626_11637delCAGCAGCAGCAG	XM_063262838.1	24	1	22	chr7	
KMT2D	Kmt2d	LoF	TRUE	31	NC_086025.1	131874072	G	GTGCTGCTGCTGCTGC	MODERATE	inframe_indel	p.Gln3814_Gln3818dup	1/1	0.72								loss	-0.597	heterozygous	uncertain	ACY,ALL,AN,BLCA,BRCA,CESC,CH,CLL,DLBCL,ESCA,GBM,HC,HGG,HNSC,LUSC,LY,MBL,MESO,NB,NHLY,NSCLC,OV,PAAD,PIA,PRAD,RCH,SBCC,SCLC,SSCC,ST,UCEC	disruptive_inframe_insertion	c.11442_11456dupGCAGCAGCAGCAGCA	XM_063262838.1	25	2	18	chr7	
KMT2D	Kmt2d	LoF	TRUE	31	NC_086025.1	131874307	A	AGCTGCT,AGCT	MODERATE	inframe_indel	p.Gln3740dup	1/2	0.36								loss	-0.597	heterozygous	uncertain	ACY,ALL,AN,BLCA,BRCA,CESC,CH,CLL,DLBCL,ESCA,GBM,HC,HGG,HNSC,LUSC,LY,MBL,MESO,NB,NHLY,NSCLC,OV,PAAD,PIA,PRAD,RCH,SBCC,SCLC,SSCC,ST,UCEC	conservative_inframe_insertion	c.11219_11221dupAGC	XM_063262838.1	25	2	9	chr7	
KMT2D	Kmt2d	LoF	TRUE	31	NC_086025.1	131874498	A	ATGC	MODERATE	inframe_indel	p.Gln3676dup	1/1	0.8								loss	-0.597	heterozygous	uncertain	ACY,ALL,AN,BLCA,BRCA,CESC,CH,CLL,DLBCL,ESCA,GBM,HC,HGG,HNSC,LUSC,LY,MBL,MESO,NB,NHLY,NSCLC,OV,PAAD,PIA,PRAD,RCH,SBCC,SCLC,SSCC,ST,UCEC	disruptive_inframe_insertion	c.11028_11030dupGCA	XM_063262838.1	25	3	20	chr7	
KMT2D	Kmt2d	LoF	TRUE	31	NC_086025.1	131879387	TTGCTGCTGC	T	MODERATE	inframe_indel	p.Gln2781_Gln2783del	1/1	0.963								loss	-0.597	homozygous_via_loss	uncertain	ACY,ALL,AN,BLCA,BRCA,CESC,CH,CLL,DLBCL,ESCA,GBM,HC,HGG,HNSC,LUSC,LY,MBL,MESO,NB,NHLY,NSCLC,OV,PAAD,PIA,PRAD,RCH,SBCC,SCLC,SSCC,ST,UCEC	disruptive_inframe_deletion	c.8340_8348delGCAGCAGCA	XM_063262838.1	27	1	26	chr7	
KMT2D	Kmt2d	LoF	TRUE	31	NC_086025.1	131882656	C	T	MODERATE	missense	p.Gly1933Ser	0/1	0.4516	tolerated_low_confidence	0.42	p.G1975S	24.3	likely_benign	0.0952	tolerated_low_confidence	loss	-0.597	heterozygous	possibly_damaging	ACY,ALL,AN,BLCA,BRCA,CESC,CH,CLL,DLBCL,ESCA,GBM,HC,HGG,HNSC,LUSC,LY,MBL,MESO,NB,NHLY,NSCLC,OV,PAAD,PIA,PRAD,RCH,SBCC,SCLC,SSCC,ST,UCEC	missense_variant	c.5797G>A	XM_063262838.1	31	17	14	chr7	OK
KMT2D	Kmt2d	LoF	TRUE	31	NC_086025.1	131883158	C	T	MODERATE	missense	p.Gly1866Ser	0/1	0.4375	deleterious_low_confidence	0.03	p.G1908S	20.6	likely_benign	0.0927	deleterious_low_confidence	loss	-0.597	heterozygous	possibly_damaging	ACY,ALL,AN,BLCA,BRCA,CESC,CH,CLL,DLBCL,ESCA,GBM,HC,HGG,HNSC,LUSC,LY,MBL,MESO,NB,NHLY,NSCLC,OV,PAAD,PIA,PRAD,RCH,SBCC,SCLC,SSCC,ST,UCEC	missense_variant	c.5596G>A	XM_063262838.1	32	18	14	chr7	OK
TET1	Tet1	ambiguous	TRUE	5	NC_086038.1	25805400	G	A	MODERATE	missense	p.Val926Ile	0/1	0.4857	tolerated	0.09	""		""		""	neutral	-0.2982	heterozygous	uncertain	GBM,HC,RPC,SBCC,ST	missense_variant	c.2776G>A	XM_039099324.2	35	17	17	chr20	REF_MISMATCH
TP53	Tp53	LoF	TRUE	52	NC_086028.1	54807961	C	A	MODERATE	missense	p.Arg271Ser	0/1	0.5833	deleterious	0	p.R273S	25.3	likely_pathogenic	0.9993	deleterious	neutral	-0.1479	heterozygous	likely_damaging	ACC,ALL,AML,AN,ANGS,BC,BLCA,BLY,BRCA,CESC,CH,CLL,CM,COREAD,DLBCL,ESCA,EWS,GBM,HC,HGG,HNSC,LEIS,LGG,LUAD,LUSC,LY,MBL,MESO,MM,NHLY,NSCLC,NSPH,OS,OV,PAAD,PAIS,PIA,PRAD,RCCC,RCH,RPC,S,SBCC,SCLC,SSCC,ST,THCA,THYM,UCEC,UCS,VV,WT	missense_variant	c.811C>A	NM_030989.3	48	19	28	chr10	OK
WNK2	Wnk2	ambiguous	TRUE	3	NC_086035.1	15711255	T	TGAG	MODERATE	inframe_indel	p.Glu177dup	0/1	0.5								neutral	-0.1699	heterozygous	uncertain	COREAD,HC,THCA	disruptive_inframe_insertion	c.531_533dupGGA	XM_006253715.5	36	18	18	chr17	
ABL2	Abl2	Act	FALSE	3	NC_086031.1	71313668	C	G	MODERATE	missense	p.Pro1103Arg	0/1	0.338	deleterious_low_confidence	0						gain	0.5636	heterozygous	possibly_damaging	BRCA,THCA,UCEC	missense_variant	c.3308C>G	NM_001395130.1	71	47	24	chr13	
ADGRB1	Adgrb1	ambiguous	FALSE	1	NC_086025.1	108306680	C	T	HIGH	nonsense/start-stop	p.Gln4*	0/1	0.6053	""							neutral	0.0859	heterozygous	high_impact_truncating	AN	stop_gained	c.10C>T	XM_063263857.1	38	15	23	chr7	
AFF3	Aff3	ambiguous	FALSE	1	NC_086027.1	47929934	C	T	HIGH	splice	""	0/1	0.359	""							neutral	-0.0019	heterozygous	high_impact_truncating	BRCA	splice_acceptor_variant&intron_variant	c.2572-1G>A	XM_063267369.1	39	25	14	chr9	
AFF3	Aff3	ambiguous	FALSE	1	NC_086027.1	47931872	GTGCTGCTGC	G	MODERATE	inframe_indel	p.Ser750_Ser752del	0/1	0.2889								neutral	-0.0019	heterozygous	uncertain	BRCA	disruptive_inframe_deletion	c.2249_2257delGCAGCAGCA	XM_063267369.1	45	29	13	chr9	
AFF3	Aff3	ambiguous	FALSE	1	NC_086027.1	47932433	C	T	MODERATE	missense	p.Gly566Asp	0/1	0.6667	deleterious	0.05	p.G541D		""		tolerated	neutral	-0.0019	heterozygous	possibly_damaging	BRCA	missense_variant	c.1697G>A	XM_063267369.1	45	15	30	chr9	OK
ATR	Atr	LoF	FALSE	2	NC_086026.1	105382695	G	A	MODERATE	missense	p.Ser2235Asn	0/1	0.4364	tolerated	0.51						neutral	0.0773	heterozygous	uncertain	CM,UCEC	missense_variant	c.6704G>A	NM_001427167.1	55	31	24	chr8	
BCOR	Bcor	LoF	FALSE	14	NC_086039.1	13400123	G	C	MODERATE	missense	p.Glu1642Gln	0/1	0.6154	deleterious	0.01						neutral	-0.1155	heterozygous	possibly_damaging	ACC,ALL,AML,CH,CLL,COREAD,EWS,GBM,MBL,PIA,ST,THYM,UCEC,UCS	missense_variant	c.4924G>C	NM_001191586.1	26	10	16	chrX	
BIRC3	Birc3	Act	FALSE	1	NC_086026.1	13295750	G	A	MODERATE	missense	p.Ala153Val	0/1	0.4872	tolerated	0.58						neutral	0.0283	heterozygous	uncertain	CLL	missense_variant	c.458C>T	NM_023987.3	39	20	19	chr8	
BMPR1A	Bmpr1a	LoF	FALSE	2	NC_086034.1	9750811	G	A	MODERATE	missense	p.Thr352Met	0/1	0.5366	deleterious	0.02						neutral	-0.1985	heterozygous	possibly_damaging	COREAD,ST	missense_variant	c.1055C>T	NM_030849.2	41	19	22	chr16	
CASZ1	Casz1	LoF	FALSE	1	NC_086023.1	164656671	G	A	HIGH	splice	""	0/1	0.5152	""							loss	-0.4379	heterozygous	high_impact_truncating	PRAD	splice_acceptor_variant&intron_variant	c.1407-1G>A	XM_008764317.4	33	16	17	chr5	
CBFA2T3	Cbfa2t3	Act	FALSE	1	NC_086037.1	67590233	C	T	MODERATE	missense	p.Ser540Asn	0/1	0.4545	deleterious_low_confidence	0						loss	-0.4056	heterozygous	possibly_damaging	CESC	missense_variant	c.1619G>A	NM_001108453.1	33	18	15	chr19	
CDK12	Cdk12	LoF	FALSE	5	NC_086028.1	83706168	G	A	MODERATE	missense	p.Ala411Thr	0/1	0.4138	deleterious_low_confidence	0						neutral	-0.2135	heterozygous	possibly_damaging	CESC,CM,OV,PRAD,ST	missense_variant	c.1231G>A	NM_001033867.2	58	34	24	chr10	
CDK12	Cdk12	LoF	FALSE	5	NC_086028.1	83749357	A	G	MODERATE	missense	p.Asp1281Gly	0/1	0.5556	deleterious_low_confidence	0						neutral	-0.2135	heterozygous	possibly_damaging	CESC,CM,OV,PRAD,ST	missense_variant	c.3842A>G	NM_001033867.2	63	28	35	chr10	
CHD2	Chd2	LoF	FALSE	4	NC_086019.1	136612424	C	T	MODERATE	missense	p.Arg1601Gln	0/1	0.4655	deleterious_low_confidence	0.01						neutral	-0.0257	heterozygous	possibly_damaging	BLCA,CLL,OS,RPC	missense_variant	c.4802G>A	XM_063262604.1	58	31	27	chr1	
CRNKL1	Crnkl1	Act	FALSE	1	NC_086021.1	153795583	C	T	MODERATE	missense	p.Glu455Lys	0/1	0.5091	deleterious_low_confidence	0						neutral	0.0906	heterozygous	possibly_damaging	CM	missense_variant	c.1363G>A	NM_053797.2	55	27	28	chr3	
CYLD	Cyld	LoF	FALSE	4	NC_086037.1	34509787	A	G	MODERATE	missense	p.Val204Ala	0/1	0.4792	deleterious_low_confidence	0.03						neutral	-0.2033	heterozygous	possibly_damaging	HNSC,MM,NSPH,THYM	missense_variant	c.611T>C	XM_039097803.2	48	25	23	chr19	
DICER1	Dicer1	LoF	FALSE	2	NC_086024.1	129399203	C	T	MODERATE	missense	p.Glu1701Lys	1/1	1	deleterious_low_confidence	0	p.Glu1705Lys	31	likely_pathogenic	0.9991	deleterious_low_confidence	neutral	-0.3669	homozygous_CN-LOH	likely_damaging	COREAD,UCEC	missense_variant	c.5101G>A	NM_001427215.1	48	0	48	chr6	OK
ELF3	Elf3	LoF	FALSE	2	NC_086031.1	49244783	G	A	MODERATE	missense	p.Pro274Leu	0/1	0.6341	deleterious	0						neutral	0.3737	heterozygous	possibly_damaging	BLCA,CH	missense_variant	c.821C>T	NM_001024768.1	41	15	26	chr13	
EML4	Eml4	ambiguous	FALSE	2	NC_086024.1	16991987	GCA	G	HIGH	frameshift	p.Ala650fs	0/1	0.5778								neutral	0.03	heterozygous	high_impact_truncating	ESCA,SCLC	frameshift_variant	c.1947_1948delTG	XM_039112148.2	45	19	26	chr6	
EPS15	Eps15	Act	FALSE	1	NC_086023.1	129323750	C	A	HIGH	nonsense/start-stop	p.Ser359*	0/1	0.5593	""							neutral	-0.0305	heterozygous	high_impact_truncating	PRAD	stop_gained	c.1076C>A	XM_039109961.2	59	26	33	chr5	
FAT2	Fat2	Act	FALSE	1	NC_086028.1	39930475	C	T	MODERATE	missense	p.Val753Met	0/1	0.5714	deleterious	0.03								heterozygous	possibly_damaging	VV	missense_variant	c.2257G>A	NM_022954.1	35	15	20	chr10	
FOXP1	Foxp1	Act	FALSE	2	NC_086022.1	133138042	AG	A	HIGH	frameshift	p.Leu470fs	0/1	0.5								neutral	-0.1047	heterozygous	high_impact_truncating	AN,PRAD	frameshift_variant	c.1408delC	XM_039107378.2	36	18	18	chr4	
FOXP1	Foxp1	Act	FALSE	2	NC_086022.1	133266567	TTGC	T	MODERATE	inframe_indel	p.Gln103del	1/1	1								loss	-1.7264	homozygous_via_loss	uncertain	AN,PRAD	disruptive_inframe_deletion	c.306_308delGCA	XM_039107378.2	4	0	4	chr4	
KDR	Kdr	Act	FALSE	7	NC_086032.1	32585250	C	T	MODERATE	missense	p.Pro403Leu	0/1	0.5	deleterious	0.04						neutral	-0.0713	heterozygous	possibly_damaging	ANGS,CLL,DLBCL,LUAD,PAIS,SBCC,SSCC	missense_variant	c.1208C>T	NM_013062.2	40	20	20	chr14	
MCM3AP	Mcm3ap	ambiguous	FALSE	1	NC_086038.1	12163156	G	A	MODERATE	missense	p.Pro211Ser	0/1	0.5769	tolerated	0.1						neutral	-0.2982	heterozygous	uncertain	HNSC	missense_variant	c.631C>T	XM_006256294.5	26	11	15	chr20	
MECOM	Mecom	Act	FALSE	6	NC_086020.1	115377455	G	A	MODERATE	missense	p.Ala880Thr	0/1	0.5849	deleterious_low_confidence	0						neutral	-0.018	heterozygous	possibly_damaging	BLCA,CM,DLBCL,PRAD,SBCC,UCEC	missense_variant	c.2638G>A	NM_001389282.2	53	22	31	chr2	
MGA	Mga	LoF	FALSE	2	NC_086021.1	127369928	A	T	HIGH	nonsense/start-stop	p.Lys1570*	0/1	0.6071	""							neutral	0.1555	heterozygous	high_impact_truncating	CLL,LUAD	stop_gained	c.4708A>T	XM_006234797.5	56	22	34	chr3	
MYH9	Myh9	Act	FALSE	7	NC_086025.1	111226711	C	T	HIGH	splice	""	0/1	0.5435	""							neutral	0.0859	heterozygous	high_impact_truncating	BRCA,COREAD,ESCA,HNSC,OV,SBCC,ST	splice_acceptor_variant&intron_variant	c.5593-1G>A	NM_001305877.2	46	21	25	chr7	
NKTR	Nktr	Act	FALSE	1	NC_086026.1	130294235	G	A	HIGH	splice	""	0/1	0.6744	""							neutral	-0.2112	heterozygous	high_impact_truncating	AML	splice_acceptor_variant&intron_variant	c.4359-1G>A	XM_039082739.2	43	14	29	chr8	
NOTCH2	Notch2	ambiguous	FALSE	10	NC_086020.1	188428951	T	TC	HIGH	frameshift	p.Gly2233fs	1/1	0.6923								gain	0.4516	heterozygous	high_impact_truncating	ACY,BLCA,BRCA,DLBCL,ESCA,HNSC,NHLY,PRAD,SBCC,SSCC	frameshift_variant	c.6695dupC	NM_024358.2	78	23	54	chr2	
NSD1	Nsd1	Act	FALSE	7	NC_086035.1	9373901	G	A	MODERATE	missense	p.Pro1274Ser	0/1	0.45	deleterious	0						neutral	-0.1793	heterozygous	possibly_damaging	CESC,ESCA,HNSC,LUSC,ST,UCEC,UCS	missense_variant	c.3820C>T	NM_001401536.1	40	22	18	chr17	
NSD2	Nsd2	ambiguous	FALSE	1	NC_086032.1	81100789	G	A	MODERATE	missense	p.Ala283Val	0/1	0.4643	tolerated	0.07						neutral	-0.0588	heterozygous	uncertain	ALL	missense_variant	c.848C>T	NM_001191552.2	56	28	26	chr14	
PCBP1	Pcbp1	Act	FALSE	2	NC_086022.1	120531260	G	A	MODERATE	missense	p.Ser86Phe	0/1	0.6562	deleterious_low_confidence	0						neutral	-0.167	heterozygous	possibly_damaging	COREAD,PAAD	missense_variant	c.257C>T	NM_001399658.1	32	11	21	chr4	
PIK3CB	Pik3cb	Act	FALSE	3	NC_086026.1	108480895	G	A	MODERATE	missense	p.Ser912Phe	0/1	0.5814	deleterious_low_confidence	0						neutral	-0.1616	heterozygous	possibly_damaging	BLCA,GBM,PRAD	missense_variant	c.2735C>T	NM_053481.2	43	18	25	chr8	
POLQ	Polq	ambiguous	FALSE	5	NC_086029.1	77213150	T	TATGTGGTGG	MODERATE	inframe_indel	p.Gly1510_Thr1511insProProHis	1/1	0.9565								neutral	0.2027	homozygous_CN-LOH	uncertain	CESC,CM,LUSC,SSCC,UCEC	conservative_inframe_insertion	c.4530_4531insCCACCACAT	NM_001105878.1	69	1	66	chr11	
POLQ	Polq	ambiguous	FALSE	5	NC_086029.1	77213152	C	G	MODERATE	missense	p.Gly1510Ala	1/1	0.9855	tolerated	0.27						neutral	0.2027	homozygous_CN-LOH	uncertain	CESC,CM,LUSC,SSCC,UCEC	missense_variant	c.4529G>C	NM_001105878.1	69	0	68	chr11	NOT_CONSERVED
POLQ	Polq	ambiguous	FALSE	5	NC_086029.1	77213153	C	T	MODERATE	missense	p.Gly1510Ser	1/1	0.9855	tolerated	0.26						neutral	0.2027	homozygous_CN-LOH	uncertain	CESC,CM,LUSC,SSCC,UCEC	missense_variant	c.4528G>A	NM_001105878.1	69	0	68	chr11	NOT_CONSERVED
POLQ	Polq	ambiguous	FALSE	5	NC_086029.1	77213154	C	A	MODERATE	missense	p.Gln1509His	1/1	0.9855	deleterious	0.02	p.Gln1542His	13.84	likely_benign	0.1331	deleterious	neutral	0.2027	homozygous_CN-LOH	likely_benign	CESC,CM,LUSC,SSCC,UCEC	missense_variant	c.4527G>T	NM_001105878.1	69	0	68	chr11	OK
PRF1	Prf1	LoF	FALSE	2	NC_086038.1	29790971	C	T	MODERATE	missense	p.Arg53Cys	0/1	0.5172	deleterious	0.02						neutral	-0.1422	heterozygous	possibly_damaging	NSCLC,ST	missense_variant	c.157C>T	NM_017330.2	29	14	15	chr20	
PTPN11	Ptpn11	Act	FALSE	9	NC_086030.1	41050946	G	A	MODERATE	missense	p.Glu121Lys	0/1	0.4706	deleterious_low_confidence	0						loss	-0.4441	heterozygous	possibly_damaging	ALL,AML,CLL,COREAD,GBM,LGG,MM,NB,PIA	missense_variant	c.361G>A	NM_001177593.1	34	17	16	chr12	
RNF213	Rnf213	Act	FALSE	7	NC_086028.1	105226349	G	A	MODERATE	missense	p.Arg3827Gln	0/1	0.5263	""							neutral	-0.3096	heterozygous	uncertain	BLCA,ESCA,LUSC,MBL,PRAD,SBCC,UCEC	missense_variant	c.11480G>A	XM_039087541.2	38	18	20	chr10	
SATB1	Satb1	Act	FALSE	1	NC_086027.1	4963320	C	T	HIGH	nonsense/start-stop	p.Trp239*	0/1	0.3725	""							neutral	-0.0795	heterozygous	high_impact_truncating	BC	stop_gained	c.717G>A	XM_039083475.2	51	32	19	chr9	
SETD1B	Setd1b	LoF	FALSE	3	NC_086030.1	39066895	G	GTCA	MODERATE	inframe_indel	p.Asp1114dup	1/1	1								loss	-0.4441	homozygous_via_loss	uncertain	ESCA,OV,PAAD	disruptive_inframe_insertion	c.3339_3341dupTGA	XM_039090129.1	23	0	23	chr12	
SMARCA1	Smarca1	LoF	FALSE	1	NC_086039.1	131944040	G	A	MODERATE	missense	p.Thr33Ile	0/1	0.6154	tolerated_low_confidence	0.06						neutral	-0.0306	heterozygous	uncertain	PRAD	missense_variant	c.98C>T	NM_001271190.1	39	15	24	chrX	
SPEN	Spen	ambiguous	FALSE	9	NC_086023.1	159064295	GGCGGCAGCAGCAGCA	G	MODERATE	inframe_indel	p.Ala2341_Ala2345del	1/1	0.9167								loss	-0.4289	heterozygous	uncertain	BRCA,CESC,CLL,DLBCL,NSPH,PAAD,PRAD,RCCC,SG	disruptive_inframe_deletion	c.7020_7034delTGCTGCTGCTGCCGC	XM_039110804.2	36	2	33	chr5	
STAG2	Stag2	LoF	FALSE	11	NC_086039.1	125928257	C	T	MODERATE	missense	p.Arg422Trp	0/1	0.4151	deleterious_low_confidence	0						neutral	-0.0306	heterozygous	possibly_damaging	AML,BLCA,EWS,GBM,LUSC,MBL,PIA,RCCC,RPC,SBCC,THCA	missense_variant	c.1264C>T	XM_006257503.5	53	31	22	chrX	
STIL	Stil	ambiguous	FALSE	1	NC_086023.1	133805675	T	C	MODERATE	missense	p.Phe866Ser	0/1	0.5636	tolerated	0.12						neutral	-0.2461	heterozygous	uncertain	CESC	missense_variant	c.2597T>C	NM_001399206.1	55	24	31	chr5	
TCF7L2	Tcf7l2	Act	FALSE	2	NC_086019.1	264791840	GA	G	HIGH	frameshift	p.Met1fs	0/1	0.3784								neutral	0.2014	heterozygous	high_impact_truncating	COREAD,UCEC	frameshift_variant&start_lost	c.1delA	XM_039090214.2	37	20	14	chr1	
TFAP4	Tfap4	LoF	FALSE	2	NC_086028.1	11520306	A	G	MODERATE	missense	p.Thr195Ala	0/1	0.52	""							neutral	-0.2734	heterozygous	uncertain	BLY,NHLY	missense_variant	c.583A>G	XM_039086267.2	25	12	13	chr10	
TRIM33	Trim33	ambiguous	FALSE	1	NC_086020.1	193501283	CCCGGCT	C	MODERATE	inframe_indel	p.Ala124_Pro125del	0/1	0.3514								gain	0.6972	heterozygous	uncertain	MBL	disruptive_inframe_deletion	c.371_376delCTCCGG	NM_001427437.1	74	48	26	chr2	
ZFHX3	Zfhx3	LoF	FALSE	9	NC_086037.1	53790321	GCAGCAA	G	MODERATE	inframe_indel	p.Gln3416_Gln3417del	1/1	0.8857								neutral	-0.1341	heterozygous	uncertain	BLCA,BRCA,DLBCL,MM,PAAD,PRAD,THYM,UCEC,VV	disruptive_inframe_deletion	c.10245_10250delACAGCA	NM_001427481.1	35	3	31	chr19	
ZXDB	Zxdb	LoF	FALSE	1	NC_086039.1	63711118	G	A	MODERATE	missense	p.Gly109Ser	1/1	0.925	tolerated_low_confidence	0.23						neutral	-0.0364	heterozygous	uncertain	BRCA	missense_variant	c.325G>A	NM_001419557.1	40	1	37	chrX	
