"channel","count"
"A[C>A]A",34171
"A[C>A]C",20511
"A[C>A]G",10453
"A[C>A]T",20191
"C[C>A]A",23132
"C[C>A]C",20951
"C[C>A]G",9268
"C[C>A]T",19352
"G[C>A]A",15151
"G[C>A]C",9873
"G[C>A]G",7597
"G[C>A]T",12559
"T[C>A]A",19005
"T[C>A]C",15595
"T[C>A]G",7309
"T[C>A]T",24834
"A[C>G]A",46494
"A[C>G]C",12913
"A[C>G]G",10141
"A[C>G]T",22182
"C[C>G]A",9284
"C[C>G]C",7252
"C[C>G]G",5597
"C[C>G]T",11196
"G[C>G]A",13065
"G[C>G]C",7483
"G[C>G]G",5834
"G[C>G]T",12489
"T[C>G]A",14985
"T[C>G]C",13181
"T[C>G]G",7614
"T[C>G]T",46028
"A[C>T]A",68508
"A[C>T]C",33827
"A[C>T]G",34199
"A[C>T]T",43184
"C[C>T]A",29614
"C[C>T]C",40529
"C[C>T]G",27658
"C[C>T]T",46566
"G[C>T]A",23687
"G[C>T]C",22954
"G[C>T]G",27321
"G[C>T]T",30071
"T[C>T]A",29344
"T[C>T]C",50401
"T[C>T]G",22664
"T[C>T]T",50388
"A[T>A]A",25876
"A[T>A]C",15405
"A[T>A]G",19785
"A[T>A]T",29649
"C[T>A]A",14616
"C[T>A]C",29626
"C[T>A]G",19519
"C[T>A]T",19918
"G[T>A]A",14441
"G[T>A]C",9903
"G[T>A]G",29077
"G[T>A]T",15456
"T[T>A]A",19179
"T[T>A]C",15534
"T[T>A]G",14847
"T[T>A]T",28183
"A[T>C]A",63543
"A[T>C]C",27457
"A[T>C]G",38170
"A[T>C]T",37576
"C[T>C]A",25918
"C[T>C]C",34498
"C[T>C]G",31206
"C[T>C]T",41772
"G[T>C]A",19769
"G[T>C]C",17990
"G[T>C]G",31106
"G[T>C]T",25110
"T[T>C]A",26168
"T[T>C]C",42299
"T[T>C]G",24936
"T[T>C]T",44707
"A[T>G]A",24098
"A[T>G]C",11863
"A[T>G]G",18801
"A[T>G]T",21932
"C[T>G]A",8710
"C[T>G]C",9645
"C[T>G]G",11145
"C[T>G]T",13364
"G[T>G]A",15127
"G[T>G]C",10088
"G[T>G]G",21014
"G[T>G]T",20962
"T[T>G]A",18275
"T[T>G]C",15314
"T[T>G]G",22940
"T[T>G]T",37931
